-- phpMyAdmin SQL Dump
-- version 5.2.0
-- https://www.phpmyadmin.net/
--
-- Máy chủ: 127.0.0.1
-- Thời gian đã tạo: Th7 28, 2022 lúc 10:37 PM
-- Phiên bản máy phục vụ: 10.4.24-MariaDB
-- Phiên bản PHP: 8.1.6

SET SQL_MODE = "NO_AUTO_VALUE_ON_ZERO";
START TRANSACTION;
SET time_zone = "+00:00";


/*!40101 SET @OLD_CHARACTER_SET_CLIENT=@@CHARACTER_SET_CLIENT */;
/*!40101 SET @OLD_CHARACTER_SET_RESULTS=@@CHARACTER_SET_RESULTS */;
/*!40101 SET @OLD_COLLATION_CONNECTION=@@COLLATION_CONNECTION */;
/*!40101 SET NAMES utf8mb4 */;

--
-- Cơ sở dữ liệu: `wc2018`
--

-- --------------------------------------------------------

--
-- Cấu trúc bảng cho bảng `card_details`
--

CREATE TABLE `card_details` (
  `card_id` int(11) NOT NULL,
  `match_no` int(11) NOT NULL,
  `player_id` int(11) NOT NULL,
  `color` varchar(10) NOT NULL,
  `card_time` int(11) NOT NULL
) ENGINE=InnoDB DEFAULT CHARSET=utf8mb4;

--
-- Đang đổ dữ liệu cho bảng `card_details`
--

INSERT INTO `card_details` (`card_id`, `match_no`, `player_id`, `color`, `card_time`) VALUES
(101, 1, 2417, 'yellow', 88),
(102, 1, 2517, 'yellow', 93),
(201, 2, 906, 'yellow', 96),
(202, 2, 905, 'yellow', 94),
(301, 3, 2410, 'yellow', 84),
(302, 3, 921, 'yellow', 57),
(501, 5, 3206, 'yellow', 59),
(502, 5, 2423, 'yellow', 27),
(503, 5, 2423, 'yellow', 36),
(504, 5, 2408, 'yellow', 9),
(601, 6, 907, 'yellow', 86),
(602, 6, 902, 'yellow', 50),
(701, 7, 1808, 'yellow', 34),
(702, 7, 1410, 'yellow', 92),
(703, 7, 1407, 'yellow', 10),
(704, 7, 1418, 'yellow', 47),
(801, 8, 2316, 'yellow', 28),
(802, 8, 2805, 'yellow', 17),
(901, 9, 2323, 'yellow', 92),
(902, 9, 1805, 'yellow', 40),
(1001, 10, 1409, 'yellow', 92),
(1002, 10, 1411, 'yellow', 79),
(1101, 11, 1403, 'yellow', 52),
(1102, 11, 1420, 'yellow', 54),
(1103, 11, 2321, 'yellow', 98),
(1104, 11, 2305, 'yellow', 33),
(1105, 11, 2320, 'yellow', 64),
(1106, 11, 2307, 'yellow', 83),
(1201, 12, 1812, 'yellow', 88),
(1202, 12, 1804, 'yellow', 31),
(1203, 12, 1802, 'yellow', 93),
(1204, 12, 1808, 'yellow', 21),
(1205, 12, 1814, 'yellow', 31),
(1206, 12, 1816, 'yellow', 29),
(1301, 53, 1112, 'yellow', 76),
(1302, 13, 219, 'yellow', 57),
(1303, 13, 216, 'yellow', 87),
(1304, 13, 207, 'yellow', 57),
(1401, 14, 2113, 'yellow', 38),
(1402, 14, 808, 'yellow', 86),
(1403, 14, 820, 'yellow', 93),
(1501, 15, 820, 'yellow', 37),
(1502, 15, 823, 'yellow', 84),
(1601, 16, 1106, 'yellow', 86),
(1602, 16, 1114, 'yellow', 16),
(1603, 16, 2123, 'yellow', 81),
(1604, 16, 2109, 'yellow', 23),
(1701, 17, 813, 'yellow', 48),
(1801, 18, 205, 'yellow', 88),
(1802, 18, 215, 'yellow', 10),
(1803, 18, 223, 'yellow', 66),
(1804, 18, 217, 'yellow', 60),
(1805, 18, 2119, 'yellow', 45),
(1806, 18, 2107, 'yellow', 79),
(2001, 20, 707, 'yellow', 30),
(2002, 20, 711, 'yellow', 89),
(2003, 20, 1905, 'yellow', 70),
(2101, 21, 102, 'yellow', 51),
(2102, 21, 117, 'yellow', 85),
(2103, 21, 108, 'yellow', 87),
(2104, 21, 702, 'yellow', 67),
(2105, 21, 718, 'yellow', 39),
(2106, 21, 717, 'yellow', 58),
(2107, 21, 705, 'yellow', 94),
(2201, 22, 1902, 'yellow', 44),
(2301, 23, 1906, 'yellow', 32),
(2302, 23, 1910, 'yellow', 91),
(2303, 23, 114, 'yellow', 49),
(2304, 23, 107, 'yellow', 64),
(2305, 23, 110, 'yellow', 94),
(2401, 24, 1302, 'yellow', 84),
(2402, 24, 1320, 'yellow', 59),
(2403, 24, 1311, 'yellow', 64),
(2404, 24, 713, 'yellow', 83),
(2405, 24, 720, 'yellow', 14),
(2501, 25, 615, 'yellow', 22),
(2502, 25, 620, 'yellow', 56),
(2503, 25, 2706, 'yellow', 59),
(2504, 25, 2708, 'yellow', 89),
(2601, 26, 405, 'yellow', 47),
(2602, 26, 3002, 'yellow', 31),
(2603, 26, 3022, 'yellow', 65),
(2604, 26, 3011, 'yellow', 68),
(2701, 27, 411, 'yellow', 81),
(2702, 27, 410, 'yellow', 81),
(2703, 27, 602, 'yellow', 84),
(2801, 28, 2721, 'yellow', 47),
(2802, 28, 2704, 'yellow', 39),
(2803, 28, 2720, 'yellow', 34),
(2804, 28, 3023, 'yellow', 91),
(2805, 28, 2709, 'yellow', 87),
(2901, 29, 2721, 'yellow', 48),
(2902, 29, 2722, 'yellow', 33),
(2903, 29, 2709, 'yellow', 70),
(3001, 30, 3002, 'yellow', 37),
(3002, 30, 3022, 'yellow', 83),
(3003, 30, 3017, 'yellow', 75),
(3004, 30, 619, 'yellow', 89),
(3005, 30, 616, 'yellow', 11),
(3006, 30, 612, 'yellow', 29),
(3101, 31, 1205, 'yellow', 84),
(3102, 12, 1213, 'yellow', 83),
(3103, 12, 1715, 'yellow', 40),
(3104, 12, 1716, 'yellow', 90),
(3201, 32, 2917, 'yellow', 61),
(3202, 32, 1611, 'yellow', 55),
(3203, 32, 1609, 'yellow', 13),
(3301, 33, 1602, 'yellow', 63),
(3302, 33, 1610, 'yellow', 72),
(3303, 33, 1615, 'yellow', 80),
(3401, 34, 1217, 'yellow', 71),
(3402, 34, 1217, 'yellow', 82),
(3403, 34, 2907, 'yellow', 97),
(3404, 34, 2908, 'yellow', 52),
(3501, 35, 1617, 'yellow', 23),
(3502, 35, 1615, 'yellow', 9),
(3503, 35, 1618, 'yellow', 48),
(3504, 35, 1607, 'yellow', 65),
(3601, 36, 1715, 'yellow', 61),
(3602, 36, 1723, 'yellow', 1),
(3603, 36, 1707, 'yellow', 86),
(3604, 36, 2902, 'yellow', 88),
(3605, 36, 2907, 'yellow', 26),
(3701, 37, 305, 'yellow', 59),
(3702, 37, 315, 'yellow', 14),
(3703, 37, 307, 'yellow', 88),
(3704, 37, 2002, 'yellow', 51),
(3705, 37, 2015, 'yellow', 18),
(3706, 37, 2011, 'yellow', 49),
(3707, 37, 2020, 'yellow', 57),
(3708, 37, 2008, 'yellow', 47),
(3801, 38, 1002, 'yellow', 33),
(3901, 39, 3113, 'yellow', 14),
(4001, 40, 1021, 'yellow', 24),
(4002, 40, 2002, 'yellow', 72),
(4003, 40, 2004, 'yellow', 44),
(4004, 40, 2011, 'yellow', 10),
(4101, 41, 323, 'yellow', 33),
(4102, 41, 317, 'yellow', 19),
(4201, 42, 2006, 'yellow', 80),
(4202, 42, 2019, 'yellow', 78),
(4203, 42, 2018, 'yellow', 96),
(4204, 42, 3113, 'yellow', 44),
(4205, 42, 3120, 'yellow', 93),
(4206, 42, 3109, 'yellow', 71),
(4301, 43, 506, 'red', 3),
(4302, 43, 505, 'yellow', 64),
(4303, 43, 510, 'yellow', 86),
(4304, 43, 1501, 'yellow', 94),
(4401, 44, 2210, 'yellow', 12),
(4402, 44, 2606, 'yellow', 49),
(4403, 44, 2605, 'yellow', 72),
(4501, 45, 1517, 'yellow', 94),
(4502, 45, 1514, 'yellow', 68),
(4503, 45, 2612, 'yellow', 90),
(4504, 45, 2619, 'yellow', 59),
(4505, 45, 2611, 'yellow', 91),
(4601, 46, 2205, 'yellow', 61),
(4602, 46, 2206, 'yellow', 85),
(4701, 47, 1520, 'yellow', 66),
(4801, 48, 2619, 'yellow', 51),
(4802, 48, 517, 'yellow', 45),
(4901, 49, 1102, 'yellow', 73),
(4902, 49, 1114, 'yellow', 72),
(4903, 49, 1109, 'yellow', 93),
(4904, 49, 117, 'yellow', 93),
(4905, 49, 116, 'yellow', 11),
(4906, 49, 103, 'yellow', 19),
(4907, 49, 114, 'yellow', 43),
(4908, 49, 107, 'yellow', 50),
(5001, 50, 2307, 'yellow', 93),
(5101, 51, 2803, 'yellow', 40),
(5102, 51, 2403, 'yellow', 54),
(5103, 51, 2411, 'yellow', 71),
(5201, 52, 813, 'yellow', 115),
(5301, 53, 406, 'yellow', 43),
(5302, 53, 405, 'yellow', 59),
(5303, 53, 1721, 'yellow', 38),
(5304, 53, 1703, 'yellow', 77),
(5305, 53, 1716, 'yellow', 55),
(5306, 53, 1718, 'yellow', 92),
(5401, 54, 1507, 'yellow', 40),
(5501, 55, 2902, 'yellow', 31),
(5502, 55, 3006, 'red', 94),
(5503, 55, 3011, 'yellow', 61),
(5504, 55, 3010, 'yellow', 68),
(5601, 56, 504, 'yellow', 52),
(5602, 56, 505, 'yellow', 41),
(5603, 56, 506, 'yellow', 54),
(5604, 56, 511, 'yellow', 118),
(5605, 56, 509, 'yellow', 63),
(5606, 56, 507, 'yellow', 64),
(5607, 56, 1008, 'yellow', 56),
(5608, 56, 1007, 'yellow', 69),
(5701, 57, 3206, 'yellow', 38),
(5702, 57, 3207, 'yellow', 69),
(5703, 57, 1121, 'yellow', 33),
(5704, 57, 1110, 'yellow', 69),
(5801, 58, 422, 'yellow', 90),
(5802, 58, 417, 'yellow', 85),
(5803, 58, 302, 'yellow', 47),
(5804, 58, 315, 'yellow', 71),
(5901, 59, 2907, 'yellow', 94),
(5902, 59, 2911, 'yellow', 87),
(5903, 59, 1006, 'yellow', 87),
(6001, 60, 2408, 'yellow', 109),
(6002, 60, 706, 'yellow', 35),
(6003, 60, 721, 'yellow', 101),
(6004, 60, 703, 'yellow', 38),
(6005, 60, 722, 'yellow', 114),
(6101, 61, 1113, 'yellow', 87),
(6102, 61, 1110, 'yellow', 93),
(6103, 61, 302, 'yellow', 71),
(6104, 61, 305, 'yellow', 94),
(6105, 61, 310, 'yellow', 63),
(6201, 62, 718, 'yellow', 96),
(6202, 62, 717, 'yellow', 48),
(6203, 62, 1002, 'yellow', 54),
(6301, 63, 306, 'yellow', 93),
(6302, 63, 1005, 'yellow', 52),
(6303, 63, 1006, 'yellow', 76),
(6401, 64, 1121, 'yellow', 41),
(6402, 64, 1113, 'yellow', 93),
(6403, 64, 702, 'yellow', 92);

-- --------------------------------------------------------

--
-- Cấu trúc bảng cho bảng `coach_mast`
--

CREATE TABLE `coach_mast` (
  `team_id` int(11) NOT NULL,
  `coach_name` varchar(45) NOT NULL
) ENGINE=InnoDB DEFAULT CHARSET=utf8mb4;

--
-- Đang đổ dữ liệu cho bảng `coach_mast`
--

INSERT INTO `coach_mast` (`team_id`, `coach_name`) VALUES
(1, 'Jorge Sampaoli'),
(2, 'Bert van Marwijk'),
(3, 'Roberto Martínez'),
(4, 'Tite'),
(5, 'José Pékerman'),
(6, 'Óscar Ramírez'),
(7, 'Zlatko Dalić'),
(8, 'Åge Hareide'),
(9, 'Héctor Cúper'),
(10, 'Gareth Southgate'),
(11, 'Didier Deschamps'),
(12, 'Joachim Löw'),
(13, 'Heimir Hallgrímsson'),
(14, 'Carlos Queiroz'),
(15, 'Akira Nishino'),
(16, 'Shin Tae-yong'),
(17, 'Juan Carlos Osorio'),
(18, 'Hervé Renard'),
(19, 'Gernot Rohr'),
(20, 'Hernán Darío Gómez'),
(21, 'Ricardo Gareca'),
(22, 'Adam Nawałka'),
(23, 'Fernando Santos'),
(24, 'Stanislav Cherchesov'),
(25, 'Juan Antonio Pizzi'),
(26, 'Aliou Cissé'),
(27, 'Mladen Krstajić'),
(28, 'Fernando Hierro'),
(29, 'Janne Andersson'),
(30, 'Vladimir Petković'),
(31, 'Nabil Maâloul'),
(32, 'Óscar Tabárez');

-- --------------------------------------------------------

--
-- Cấu trúc bảng cho bảng `goal_details`
--

CREATE TABLE `goal_details` (
  `goal_id` int(11) NOT NULL,
  `match_no` int(11) NOT NULL,
  `player_id` int(11) NOT NULL,
  `team_id` int(11) NOT NULL,
  `goal_time` int(11) NOT NULL,
  `goal_type` char(1) NOT NULL,
  `goal_schedule` char(2) NOT NULL,
  `goal_half` int(11) NOT NULL
) ENGINE=InnoDB DEFAULT CHARSET=utf8mb4;

--
-- Đang đổ dữ liệu cho bảng `goal_details`
--

INSERT INTO `goal_details` (`goal_id`, `match_no`, `player_id`, `team_id`, `goal_time`, `goal_type`, `goal_schedule`, `goal_half`) VALUES
(101, 1, 2408, 25, 12, 'N', 'NT', 1),
(102, 1, 2406, 25, 43, 'N', 'NT', 1),
(103, 1, 2422, 25, 71, 'N', 'NT', 2),
(104, 1, 2406, 25, 91, 'N', 'ST', 2),
(105, 1, 2417, 25, 94, 'N', 'ST', 2),
(201, 2, 3202, 9, 89, 'N', 'NT', 2),
(301, 3, 907, 9, 47, 'O', 'NT', 1),
(302, 3, 2406, 9, 59, 'N', 'NT', 2),
(303, 3, 2422, 9, 62, 'N', 'NT', 2),
(304, 3, 910, 24, 73, 'P', 'NT', 2),
(401, 4, 3209, 25, 23, 'N', 'NT', 1),
(501, 5, 3209, 24, 10, 'N', 'NT', 1),
(502, 5, 2406, 24, 23, 'O', 'NT', 1),
(503, 5, 3221, 24, 90, 'N', 'NT', 2),
(601, 6, 2507, 9, 51, 'P', 'ST', 1),
(602, 6, 2518, 9, 95, 'N', 'ST', 2),
(603, 6, 910, 25, 22, 'N', 'NT', 1),
(701, 7, 1820, 18, 95, 'O', 'ST', 2),
(801, 8, 2307, 28, 4, 'P', 'NT', 1),
(802, 8, 2307, 28, 44, 'N', 'NT', 1),
(803, 8, 2307, 28, 88, 'N', 'NT', 2),
(804, 8, 2819, 23, 24, 'N', 'NT', 1),
(805, 8, 2819, 23, 55, 'N', 'NT', 2),
(806, 8, 2804, 23, 58, 'N', 'NT', 2),
(901, 9, 2307, 18, 4, 'N', 'NT', 1),
(1001, 10, 2819, 14, 54, 'N', 'NT', 2),
(1101, 11, 1410, 23, 93, 'P', 'ST', 2),
(1102, 11, 2320, 14, 54, 'N', 'NT', 1),
(1201, 12, 2822, 18, 19, 'N', 'NT', 1),
(1202, 12, 2817, 18, 91, 'N', 'ST', 2),
(1203, 12, 1813, 28, 14, 'N', 'NT', 1),
(1204, 12, 1819, 28, 81, 'N', 'NT', 2),
(1301, 13, 1107, 2, 58, 'P', 'NT', 2),
(1302, 13, 216, 2, 81, 'O', 'NT', 2),
(1303, 13, 215, 11, 62, 'P', 'NT', 2),
(1401, 14, 820, 21, 59, 'N', 'NT', 2),
(1501, 15, 810, 2, 7, 'N', 'NT', 1),
(1502, 15, 215, 8, 38, 'P', 'NT', 1),
(1601, 16, 1110, 21, 34, 'N', 'NT', 1),
(1801, 18, 2118, 2, 18, 'N', 'NT', 1),
(1802, 18, 2109, 2, 50, 'N', 'NT', 2),
(1901, 19, 119, 13, 19, 'N', 'NT', 1),
(1902, 19, 1311, 1, 23, 'N', 'NT', 1),
(2001, 20, 1908, 19, 32, 'O', 'NT', 1),
(2002, 20, 710, 19, 71, 'P', 'NT', 2),
(2101, 21, 718, 1, 53, 'N', 'NT', 2),
(2102, 21, 710, 1, 80, 'N', 'NT', 2),
(2103, 21, 707, 1, 91, 'N', 'ST', 2),
(2201, 22, 1907, 13, 49, 'N', 'NT', 2),
(2202, 22, 1907, 13, 75, 'N', 'NT', 2),
(2301, 23, 1911, 1, 51, 'P', 'NT', 2),
(2302, 23, 110, 19, 14, 'N', 'NT', 1),
(2303, 23, 116, 19, 86, 'N', 'NT', 2),
(2401, 24, 1306, 7, 76, 'P', 'NT', 2),
(2402, 24, 719, 13, 53, 'N', 'NT', 2),
(2403, 24, 704, 13, 90, 'N', 'NT', 2),
(2501, 25, 2711, 6, 56, 'N', 'NT', 2),
(2601, 26, 411, 30, 20, 'N', 'NT', 1),
(2602, 26, 3014, 4, 50, 'N', 'NT', 2),
(2701, 27, 411, 6, 91, 'N', 'ST', 2),
(2702, 27, 410, 6, 97, 'N', 'ST', 2),
(2801, 28, 2709, 30, 5, 'N', 'NT', 1),
(2802, 28, 3010, 27, 52, 'N', 'NT', 2),
(2803, 28, 3023, 27, 90, 'N', 'NT', 2),
(2901, 29, 415, 27, 36, 'N', 'NT', 1),
(2902, 29, 402, 27, 68, 'N', 'NT', 2),
(3001, 30, 3015, 6, 31, 'N', 'NT', 1),
(3002, 30, 3019, 6, 88, 'N', 'NT', 2),
(3003, 30, 619, 30, 56, 'N', 'NT', 2),
(3004, 30, 3001, 6, 93, 'O', 'ST', 2),
(3101, 31, 1722, 12, 35, 'N', 'NT', 1),
(3201, 32, 2904, 16, 65, 'P', 'NT', 2),
(3301, 33, 1607, 17, 93, 'N', 'ST', 2),
(3302, 33, 1711, 16, 26, 'P', 'NT', 1),
(3303, 33, 1714, 16, 66, 'N', 'NT', 2),
(3401, 34, 1211, 29, 48, 'N', 'NT', 2),
(3402, 34, 1208, 29, 95, 'N', 'ST', 2),
(3403, 34, 2920, 12, 32, 'N', 'NT', 1),
(3501, 35, 1619, 12, 92, 'N', 'ST', 2),
(3502, 35, 1607, 12, 96, 'N', 'ST', 2),
(3601, 36, 2906, 17, 50, 'N', 'NT', 2),
(3602, 36, 2904, 17, 62, 'P', 'NT', 2),
(3603, 36, 1721, 17, 74, 'O', 'NT', 2),
(3701, 37, 314, 20, 47, 'N', 'NT', 2),
(3702, 37, 309, 20, 69, 'N', 'NT', 2),
(3703, 37, 309, 20, 75, 'N', 'NT', 2),
(3801, 38, 3113, 10, 35, 'P', 'NT', 1),
(3802, 38, 1009, 31, 11, 'N', 'NT', 1),
(3803, 38, 1009, 31, 91, 'N', 'ST', 2),
(3901, 39, 310, 31, 6, 'P', 'NT', 1),
(3902, 39, 310, 31, 51, 'N', 'NT', 2),
(3903, 39, 309, 31, 16, 'N', 'NT', 1),
(3904, 39, 309, 31, 48, 'N', 'ST', 1),
(3905, 39, 321, 31, 90, 'N', 'NT', 2),
(3906, 39, 3111, 3, 18, 'N', 'NT', 1),
(3907, 39, 3110, 3, 93, 'N', 'ST', 2),
(4001, 40, 1005, 20, 8, 'N', 'NT', 1),
(4002, 40, 1005, 20, 40, 'N', 'NT', 1),
(4003, 40, 1009, 20, 22, 'P', 'NT', 1),
(4004, 40, 1009, 20, 46, 'P', 'ST', 1),
(4005, 40, 1009, 20, 62, 'N', 'NT', 2),
(4006, 40, 1007, 20, 36, 'N', 'NT', 1),
(4007, 40, 2023, 10, 78, 'N', 'NT', 2),
(4101, 41, 318, 10, 51, 'N', 'NT', 2),
(4201, 42, 3104, 31, 33, 'O', 'NT', 1),
(4202, 42, 3102, 20, 51, 'N', 'NT', 2),
(4203, 42, 3110, 20, 66, 'N', 'NT', 2),
(4301, 43, 520, 15, 39, 'N', 'NT', 1),
(4302, 43, 1510, 5, 6, 'P', 'NT', 1),
(4303, 43, 1515, 5, 73, 'N', 'NT', 2),
(4401, 44, 2210, 26, 86, 'N', 'NT', 2),
(4402, 44, 2204, 22, 37, 'O', 'NT', 1),
(4403, 44, 2619, 22, 60, 'N', 'NT', 2),
(4501, 45, 1514, 26, 34, 'N', 'NT', 1),
(4502, 45, 1504, 26, 78, 'N', 'NT', 2),
(4503, 45, 2610, 15, 11, 'N', 'NT', 1),
(4504, 45, 2622, 15, 71, 'N', 'NT', 2),
(4601, 46, 513, 22, 40, 'N', 'NT', 1),
(4602, 46, 509, 22, 70, 'N', 'NT', 2),
(4603, 46, 511, 22, 75, 'N', 'NT', 2),
(4701, 47, 2205, 15, 59, 'N', 'NT', 2),
(4801, 48, 513, 26, 74, 'N', 'NT', 2),
(4901, 49, 1107, 1, 13, 'P', 'NT', 1),
(4902, 49, 1102, 1, 57, 'N', 'NT', 2),
(4903, 49, 1110, 1, 64, 'N', 'NT', 2),
(4904, 49, 1110, 1, 68, 'N', 'NT', 2),
(4905, 49, 111, 11, 41, 'N', 'NT', 1),
(4906, 49, 102, 11, 48, 'N', 'NT', 2),
(4907, 49, 119, 1, 93, 'N', 'ST', 2),
(5001, 50, 3221, 23, 7, 'N', 'NT', 1),
(5002, 50, 3221, 23, 62, 'N', 'NT', 2),
(5003, 50, 2303, 32, 55, 'N', 'NT', 2),
(5101, 51, 2404, 24, 12, 'O', 'NT', 1),
(5102, 51, 2422, 28, 41, 'P', 'NT', 1),
(5201, 52, 717, 8, 4, 'N', 'NT', 1),
(5202, 52, 813, 7, 1, 'N', 'NT', 1),
(5301, 53, 410, 17, 51, 'N', 'NT', 2),
(5302, 53, 420, 17, 88, 'N', 'NT', 2),
(5401, 54, 305, 15, 69, 'N', 'NT', 2),
(5402, 54, 308, 15, 74, 'N', 'NT', 2),
(5403, 54, 322, 15, 94, 'N', 'ST', 2),
(5404, 54, 1508, 3, 48, 'N', 'NT', 2),
(5405, 54, 1514, 3, 52, 'N', 'NT', 2),
(5501, 55, 2910, 30, 66, 'N', 'NT', 2),
(5601, 56, 513, 10, 93, 'N', 'ST', 2),
(5602, 56, 1009, 5, 57, 'P', 'NT', 2),
(5701, 57, 1104, 32, 40, 'N', 'NT', 1),
(5702, 57, 1107, 32, 61, 'N', 'NT', 2),
(5801, 58, 408, 3, 76, 'N', 'NT', 2),
(5802, 58, 417, 4, 13, 'O', 'NT', 1),
(5803, 58, 307, 4, 31, 'N', 'NT', 1),
(5901, 59, 1006, 29, 30, 'N', 'NT', 1),
(5902, 59, 1020, 29, 59, 'N', 'NT', 2),
(6001, 60, 2406, 7, 31, 'N', 'NT', 1),
(6002, 60, 2402, 7, 115, 'N', 'ET', 1),
(6003, 60, 709, 24, 39, 'N', 'NT', 1),
(6004, 60, 721, 24, 101, 'N', 'ET', 1),
(6101, 61, 1105, 3, 51, 'N', 'NT', 2),
(6201, 62, 704, 10, 68, 'N', 'NT', 2),
(6202, 62, 717, 10, 109, 'N', 'ET', 1),
(6203, 62, 1012, 7, 5, 'N', 'NT', 1),
(6301, 63, 315, 10, 4, 'N', 'NT', 1),
(6302, 63, 310, 10, 82, 'N', 'NT', 2),
(6401, 64, 717, 7, 18, 'O', 'NT', 1),
(6402, 64, 1107, 7, 38, 'P', 'NT', 1),
(6403, 64, 1106, 7, 59, 'N', 'NT', 2),
(6404, 64, 1110, 7, 65, 'N', 'NT', 2),
(6405, 64, 704, 11, 28, 'N', 'NT', 1),
(6406, 64, 717, 11, 69, 'N', 'NT', 2);

-- --------------------------------------------------------

--
-- Cấu trúc bảng cho bảng `match_mast`
--

CREATE TABLE `match_mast` (
  `match_no` int(11) NOT NULL,
  `play_stage` char(1) NOT NULL,
  `play_date` date NOT NULL,
  `team1` int(11) NOT NULL,
  `team2` int(11) NOT NULL,
  `team1_goal` int(11) DEFAULT NULL,
  `team2_goal` int(11) DEFAULT NULL,
  `decided_by` char(1) NOT NULL,
  `venue_id` int(11) NOT NULL,
  `audence` int(11) NOT NULL,
  `plr_of_match` int(11) NOT NULL,
  `referee_id` int(11) DEFAULT NULL
) ENGINE=InnoDB DEFAULT CHARSET=utf8mb4;

--
-- Đang đổ dữ liệu cho bảng `match_mast`
--

INSERT INTO `match_mast` (`match_no`, `play_stage`, `play_date`, `team1`, `team2`, `team1_goal`, `team2_goal`, `decided_by`, `venue_id`, `audence`, `plr_of_match`, `referee_id`) VALUES
(1, 'G', '2018-06-14', 24, 25, 5, 0, 'N', 1, 78011, 2406, 15),
(2, 'G', '2018-06-15', 9, 32, 0, 1, 'N', 4, 27015, 923, 22),
(3, 'G', '2018-06-19', 24, 9, 3, 1, 'N', 2, 64468, 2406, 13),
(4, 'G', '2018-06-20', 32, 25, 1, 0, 'N', 7, 42678, 3209, 28),
(5, 'G', '2018-06-15', 32, 24, 3, 0, 'N', 8, 41970, 3209, 5),
(6, 'G', '2018-06-15', 25, 9, 2, 1, 'N', 10, 36823, 910, 17),
(7, 'G', '2018-06-15', 18, 14, 0, 1, 'N', 2, 62548, 1818, 20),
(8, 'G', '2018-06-15', 23, 28, 3, 3, 'N', 3, 43866, 2307, 26),
(9, 'G', '2018-06-20', 23, 18, 1, 0, 'N', 1, 78011, 2307, 10),
(10, 'G', '2018-06-20', 14, 28, 0, 1, 'N', 5, 42718, 2819, 14),
(11, 'G', '2018-06-25', 14, 23, 1, 1, 'N', 9, 41685, 2320, 13),
(12, 'G', '2018-06-25', 28, 18, 2, 2, 'N', 12, 33973, 2822, 2),
(13, 'G', '2018-06-16', 11, 2, 2, 1, 'N', 5, 41279, 1107, 14),
(14, 'G', '2018-06-16', 21, 8, 0, 1, 'N', 9, 40502, 820, 6),
(15, 'G', '2018-06-21', 8, 2, 1, 1, 'N', 8, 40727, 810, 24),
(16, 'G', '2018-06-21', 11, 21, 1, 0, 'N', 4, 32789, 1110, 3),
(17, 'G', '2018-06-26', 8, 11, 0, 0, 'N', 1, 78011, 1113, 16),
(18, 'G', '2018-06-26', 2, 21, 0, 2, 'N', 3, 44073, 2118, 21),
(19, 'G', '2018-06-16', 1, 13, 1, 1, 'N', 11, 44190, 1301, 23),
(20, 'G', '2018-06-16', 7, 19, 2, 0, 'N', 12, 31136, 710, 16),
(21, 'G', '2018-06-21', 1, 7, 0, 3, 'N', 6, 43319, 710, 2),
(22, 'G', '2018-06-22', 19, 13, 2, 0, 'N', 10, 40904, 1907, 18),
(23, 'G', '2018-06-26', 19, 1, 1, 2, 'N', 2, 64468, 110, 20),
(24, 'G', '2018-06-26', 13, 7, 1, 2, 'N', 7, 43472, 719, 24),
(25, 'G', '2018-06-17', 6, 27, 0, 1, 'N', 8, 41432, 2711, 5),
(26, 'G', '2018-06-17', 4, 30, 1, 1, 'N', 7, 43109, 411, 12),
(27, 'G', '2018-06-22', 4, 6, 2, 0, 'N', 2, 64368, 411, 22),
(28, 'G', '2018-06-22', 27, 30, 1, 2, 'N', 12, 33167, 3023, 19),
(29, 'G', '2018-06-27', 27, 4, 0, 2, 'N', 11, 44190, 415, 1),
(30, 'G', '2018-06-27', 30, 6, 2, 2, 'N', 6, 43319, 3015, 28),
(31, 'G', '2018-06-17', 12, 17, 0, 1, 'N', 1, 78011, 1722, 1),
(32, 'G', '2018-06-18', 29, 16, 1, 0, 'N', 6, 42300, 2904, 9),
(33, 'G', '2018-06-23', 16, 17, 1, 2, 'N', 7, 43472, 1714, 25),
(34, 'G', '2018-06-23', 12, 29, 2, 1, 'N', 3, 44287, 1211, 23),
(35, 'G', '2018-06-27', 16, 12, 2, 0, 'N', 5, 41835, 1623, 10),
(36, 'G', '2018-06-27', 17, 29, 0, 3, 'N', 4, 33061, 2906, 15),
(37, 'G', '2018-06-18', 3, 20, 3, 0, 'N', 3, 43257, 309, 8),
(38, 'G', '2018-06-18', 31, 10, 1, 2, 'N', 10, 41064, 1009, 17),
(39, 'G', '2018-06-23', 3, 31, 5, 2, 'N', 11, 44190, 310, 11),
(40, 'G', '2018-06-24', 10, 20, 6, 1, 'N', 6, 43319, 1009, 7),
(41, 'G', '2018-06-28', 10, 3, 0, 1, 'N', 12, 33973, 318, 27),
(42, 'G', '2018-06-28', 20, 31, 1, 2, 'N', 9, 37168, 3108, 4),
(43, 'G', '2018-06-09', 5, 15, 1, 2, 'N', 9, 40842, 1515, 27),
(44, 'G', '2018-06-19', 22, 26, 1, 2, 'N', 11, 44190, 2619, 4),
(45, 'G', '2018-06-24', 15, 26, 2, 2, 'N', 4, 32572, 2610, 26),
(46, 'G', '2018-06-24', 22, 5, 0, 3, 'N', 5, 42873, 510, 12),
(47, 'G', '2018-06-28', 15, 22, 0, 1, 'N', 10, 42189, 2205, 8),
(48, 'G', '2018-06-28', 26, 5, 0, 1, 'N', 8, 41970, 513, 25),
(49, 'R', '2018-06-30', 11, 1, 4, 3, 'N', 5, 42873, 1110, 1),
(50, 'R', '2018-06-30', 32, 23, 2, 1, 'N', 3, 44287, 3221, 12),
(51, 'R', '2018-07-01', 28, 24, 1, 1, 'P', 1, 78011, 2401, 22),
(52, 'R', '2018-07-01', 7, 8, 1, 1, 'P', 6, 40851, 801, 15),
(53, 'R', '2018-07-02', 4, 17, 2, 0, 'N', 8, 41970, 410, 26),
(54, 'R', '2018-07-02', 3, 15, 3, 2, 'N', 7, 41466, 310, 5),
(55, 'R', '2018-07-03', 29, 30, 1, 0, 'N', 2, 64042, 2910, 27),
(56, 'R', '2018-07-03', 5, 10, 1, 1, 'P', 11, 44190, 1009, 10),
(57, 'Q', '2018-07-06', 32, 11, 0, 2, 'N', 6, 43319, 1107, 15),
(58, 'Q', '2018-07-06', 4, 3, 1, 2, 'N', 5, 42873, 307, 25),
(59, 'Q', '2018-07-07', 29, 10, 0, 2, 'N', 8, 39991, 1001, 22),
(60, 'Q', '2018-07-07', 24, 7, 2, 2, 'P', 3, 44287, 710, 16),
(61, 'S', '2018-07-10', 11, 3, 1, 0, 'N', 2, 64268, 1105, 14),
(62, 'S', '2018-07-11', 7, 10, 2, 1, 'N', 1, 78011, 704, 20),
(63, 'T', '2018-07-14', 3, 10, 2, 0, 'N', 2, 64406, 310, 1),
(64, 'F', '2018-07-15', 11, 7, 4, 2, 'N', 1, 78011, 1107, 15);

-- --------------------------------------------------------

--
-- Cấu trúc bảng cho bảng `player_mast`
--

CREATE TABLE `player_mast` (
  `player_id` int(11) NOT NULL,
  `team_id` int(11) NOT NULL,
  `jersey_no` int(11) NOT NULL,
  `player_name` varchar(45) NOT NULL,
  `player_pos` varchar(10) NOT NULL,
  `age` int(11) NOT NULL,
  `playing_clb` varchar(45) NOT NULL
) ENGINE=InnoDB DEFAULT CHARSET=utf8mb4;

--
-- Đang đổ dữ liệu cho bảng `player_mast`
--

INSERT INTO `player_mast` (`player_id`, `team_id`, `jersey_no`, `player_name`, `player_pos`, `age`, `playing_clb`) VALUES
(101, 1, 1, 'Nahuel Guzman', 'GK', 32, 'UANL'),
(102, 1, 2, 'Gabriel Mercado', 'DF', 31, 'Sevilla'),
(103, 1, 3, 'Nicolas Tagliafico', 'DF', 25, 'Ajax Amsterdam'),
(104, 1, 4, 'Cristian Ansaldi', 'DF', 31, 'Torino'),
(105, 1, 5, 'Lucas Biglia', 'MF', 32, 'AC Milan'),
(106, 1, 6, 'Federico Fazio', 'DF', 31, 'AS Roma'),
(107, 1, 7, 'Ever Banega', 'MF', 29, 'Sevilla'),
(108, 1, 8, 'Marcos Acuna', 'DF', 26, 'Sporting Lisbon'),
(109, 1, 9, 'Gonzalo Higuain', 'FW', 30, 'Juventus'),
(110, 1, 10, 'Lionel Messi', 'FW', 30, 'Barcelona'),
(111, 1, 11, 'Angel Di Maria', 'MF', 30, 'Paris Saint-Germain'),
(112, 1, 12, 'Franco Armani', 'GK', 31, 'River Plate'),
(113, 1, 13, 'Maximiliano Meza', 'MF', 25, 'Independiente'),
(114, 1, 14, 'Javier Mascherano', 'DF', 34, 'Hebei China Fortune'),
(115, 1, 15, 'Enzo Perez', 'MF', 32, 'River Plate'),
(116, 1, 16, 'Marcos Rojo', 'DF', 28, 'Manchester United'),
(117, 1, 17, 'Nicolas Otamendi', 'DF', 30, 'Manchester City'),
(118, 1, 18, 'Eduardo Salvio', 'DF', 27, 'Benfica'),
(119, 1, 19, 'Sergio Aguero', 'FW', 30, 'Manchester City'),
(120, 1, 20, 'Giovani Lo Celso', 'MF', 22, 'Paris Saint-Germain'),
(121, 1, 21, 'Paulo Dybala', 'FW', 24, 'Juventus'),
(122, 1, 22, 'Cristian Pavon', 'MF', 22, 'Boca Juniors'),
(123, 1, 23, 'Willy Caballero', 'GK', 36, 'Chelsea'),
(201, 2, 1, 'Mathew Ryan', 'GK', 26, ' Brighton'),
(202, 2, 2, 'Milos Degenek', 'DF', 24, 'Yokohama F. Marinos'),
(203, 2, 3, 'James Meredith', 'DF', 30, 'Millwall'),
(204, 2, 4, 'Tim Cahill', 'FW', 38, 'Millwall'),
(205, 2, 5, 'Mark Milligan', 'DF', 32, 'Al Ahli'),
(206, 2, 6, 'Matthew Jurman', 'DF', 28, ' Suwon Samsung Bluewings'),
(207, 2, 7, 'Mathew Leckie', 'FW', 27, 'Hertha Berlin'),
(208, 2, 8, 'Massimo Luongo', 'MF', 25, 'Queens Park Rangers'),
(209, 2, 9, 'Tomi Juric', 'FW', 26, 'Luzern'),
(210, 2, 10, 'Robbie Kruse', 'FW', 29, 'VfL Bochum'),
(211, 2, 11, 'Andrew Nabbout', 'FW', 25, 'Urawa Red Diamonds'),
(212, 2, 12, 'Brad Jones', 'GK', 36, 'Feyenoord'),
(213, 2, 13, 'Aaron Mooy', 'MF', 27, 'Huddersfield Town'),
(214, 2, 14, 'Jamie Maclaren', 'FW', 24, 'Hibernian'),
(215, 2, 15, 'Mile Jedinak', 'MF', 33, 'Aston Villa'),
(216, 2, 16, 'Aziz Behich', 'DF', 27, 'Bursaspor'),
(217, 2, 17, 'Daniel Arzani', 'FW', 19, 'Melbourne City'),
(218, 2, 18, 'Danny Vukovic', 'GK', 33, 'Genk'),
(219, 2, 19, 'Josh Risdon', 'DF', 25, 'Western Sydney Wanderers'),
(220, 2, 20, 'Trent Sainsbury', 'DF', 26, 'Grasshopper'),
(221, 2, 21, 'Dimitri Petratos', 'FW', 25, 'Newcastle Jets'),
(222, 2, 22, 'Jackson Irvine', 'MF', 25, 'Hull City'),
(223, 2, 23, 'Tom Rogic', 'MF', 25, 'Celtic'),
(301, 3, 1, 'Thibaut Courtois', 'GK', 26, 'Chelsea'),
(302, 3, 2, 'Toby Alderweireld', 'DF', 29, 'Tottenham Hotspur'),
(303, 3, 3, 'Thomas Vermaelen', 'DF', 32, 'Barcelona'),
(304, 3, 4, 'Vincent Kompany', 'DF', 32, 'Manchester City'),
(305, 3, 5, 'Jan Vertonghen', 'DF', 31, 'Tottenham Hotspur'),
(306, 3, 6, 'Axel Witsel', 'MF', 29, 'Tianjin Quanjian'),
(307, 3, 7, 'Kevin De Bruyne', 'MF', 26, 'Manchester City'),
(308, 3, 8, 'Marouane Fellaini', 'MF', 30, 'Manchester United'),
(309, 3, 9, 'Romelu Lukaku', 'FW', 25, 'Manchester United'),
(310, 3, 10, 'Eden Hazard', 'FW', 27, 'Chelsea'),
(311, 3, 11, 'Yannick Carrasco', 'MF', 24, 'Dalian Yifang'),
(312, 3, 12, 'Simon Mignolet', 'GK', 30, 'Liverpool'),
(313, 3, 13, 'Koen Casteels', 'GK', 25, 'VfL Wolfsburg'),
(314, 3, 14, 'Dries Mertens', 'MF', 31, 'Napoli'),
(315, 3, 15, 'Thomas Meunier', 'DF', 26, 'Paris Saint-Germain'),
(316, 3, 16, 'Thorgan Hazard', 'MF', 25, 'Borussia Monchengladbach'),
(317, 3, 17, 'Youri Tielemans', 'MF', 21, 'AS Monaco'),
(318, 3, 18, 'Adnan Januzaj', 'FW', 23, 'Real Sociedad'),
(319, 3, 19, 'Mousa Dembele', 'MF', 30, 'Tottenham Hotspur'),
(320, 3, 20, 'Dedryck Boyata', 'DF', 27, 'Celtic'),
(321, 3, 21, 'Michy Batshuayi', 'FW', 24, 'Borussia Dortmund'),
(322, 3, 22, 'Nacer Chadli', 'MF', 28, 'West Bromwich Albion'),
(323, 3, 23, 'Leander Dendoncker', 'DF', 23, 'Anderlecht'),
(401, 4, 1, 'Alisson', 'GK', 25, 'Roma'),
(402, 4, 2, 'Thiago Silva', 'DF', 33, 'Paris Saint-Germain'),
(403, 4, 3, 'Miranda', 'DF', 33, 'Inter Milan'),
(404, 4, 4, 'Pedro Geromel', 'DF', 32, 'Gremio'),
(405, 4, 5, 'Casemiro', 'MF', 26, 'Real Madrid'),
(406, 4, 6, 'Filipe Luís', 'DF', 32, 'Atletico Madrid'),
(407, 4, 7, 'Douglas Costa', 'FW', 27, 'Juventus'),
(408, 4, 8, 'Renato Augusto', 'MF', 30, 'Beijing Sinobo Guoan'),
(409, 4, 9, 'Gabriel Jesus', 'FW', 26, 'Manchester City'),
(410, 4, 10, 'Neymar', 'FW', 27, 'Paris Saint-Germain'),
(411, 4, 11, 'Philippe Coutinho', 'MF', 26, 'Barcelona'),
(412, 4, 12, 'Marcelo', 'DF', 30, 'Real Madrid'),
(413, 4, 13, 'Marquinhos', 'DF', 24, 'Paris Saint-Germain'),
(414, 4, 14, 'Danilo', 'DF', 26, 'Manchester City'),
(415, 4, 15, 'Paulinho', 'MF', 29, 'Barcelona'),
(416, 4, 16, 'Cassio', 'GK', 31, 'Corinthians'),
(417, 4, 17, 'Fernandinho', 'MF', 33, 'Manchester City'),
(418, 4, 18, 'Fred', 'MF', 25, 'Shakhtar Donetsk'),
(419, 4, 19, 'Willian', 'MF', 29, 'Chelsea'),
(420, 4, 20, 'Roberto Firmino', 'FW', 26, 'Liverpool'),
(421, 4, 21, 'Taison', 'FW', 30, 'Shakhtar Donetsk'),
(422, 4, 22, 'Fagner', 'DF', 29, 'Corinthians'),
(423, 4, 23, 'Ederson', 'GK', 24, 'Manchester City'),
(501, 5, 1, 'David Ospina', 'GK', 29, 'Arsenal'),
(502, 5, 2, 'Cristian Zapata', 'DF', 31, 'AC Milan'),
(503, 5, 3, 'Oscar Murillo', 'DF', 30, 'Pachuca'),
(504, 5, 4, 'Santiago Arias', 'DF', 26, 'PSV Eindhoven'),
(505, 5, 5, 'Wilmar Barrios', 'MF', 24, 'Boca Juniors'),
(506, 5, 6, 'Carlos Sanchez', 'DF', 32, 'Espanyol'),
(507, 5, 7, 'Carlos Bacca', 'FW', 31, 'Villarreal'),
(508, 5, 8, 'Abel Aguilar', 'MF', 33, 'Deportivo Cali'),
(509, 5, 9, 'Radamel Falcao', 'FW', 32, 'AS Monaco'),
(510, 5, 10, 'James Rodriguez', 'MF', 26, 'Bayern Munich'),
(511, 5, 11, 'Juan Cuadrado', 'MF', 30, 'Juventus'),
(512, 5, 12, 'Camilo Vargas', 'GK', 29, 'Deportivo Cali'),
(513, 5, 13, 'Yerry Mina', 'DF', 23, 'Barcelona'),
(514, 5, 14, 'Luis Muriel', 'FW', 27, 'Sevilla'),
(515, 5, 15, 'Mateus Uribe', 'MF', 27, 'America'),
(516, 5, 16, 'Jefferson Lerma', 'MF', 23, 'Levante'),
(517, 5, 17, 'Johan Mojica', 'DF', 25, 'Girona'),
(518, 5, 18, 'Farid Diaz', 'DF', 34, 'Olimpia'),
(519, 5, 19, 'Miguel Borja', 'FW', 25, 'Palmeiras'),
(520, 5, 20, 'Juan Fernando Quintero', 'MF', 25, 'River Plate'),
(521, 5, 21, 'Jose Izquierdo', 'FW', 25, 'Brighton & Hove Albion'),
(522, 5, 22, 'Jose Fernando Cuadrado', 'GK', 33, 'Once Caldas'),
(523, 5, 23, 'Davinson Sanchez', 'DF', 22, 'Tottenham Hotspur'),
(601, 6, 1, 'Keylor Navas', 'GK', 31, 'Real Madrid'),
(602, 6, 2, 'Jhonny Acosta', 'DF', 34, 'Aguilas Doradas'),
(603, 6, 3, 'Giancarlo Gonzalez', 'DF', 30, 'Bologna'),
(604, 6, 4, 'Ian Smith', 'DF', 20, 'Norrkoping'),
(605, 6, 5, 'Celso Borges', 'MF', 30, 'Deportivo La Coruna'),
(606, 6, 6, 'Oscar Duarte', 'DF', 29, 'Espanyol'),
(607, 6, 7, 'Christian Bolanos', 'MF', 34, 'Saprissa'),
(608, 6, 8, 'Bryan Oviedo', 'DF', 28, 'Sunderland'),
(609, 6, 9, 'Daniel Colindres', 'MF', 33, 'Saprissa'),
(610, 6, 10, 'Bryan Ruiz', 'MF', 32, 'Sporting Lisbon'),
(611, 6, 11, 'Johan Venegas', 'FW', 29, 'Saprissa'),
(612, 6, 12, 'Joel Campbell', 'FW', 25, 'Real Betis'),
(613, 6, 13, 'Rodney Wallace', 'MF', 29, 'New York City FC'),
(614, 6, 14, 'Randall Azofeifa', 'MF', 33, 'Herediano'),
(615, 6, 15, 'Francisco Calvo', 'DF', 25, 'Minnesota United'),
(616, 6, 16, 'Cristian Gamboa', 'DF', 28, 'Celtic'),
(617, 6, 17, 'Yeltsin Tejeda', 'MF', 26, 'Lausanne'),
(618, 6, 18, 'Patrick Pemberton', 'GK', 36, 'Alajuelense'),
(619, 6, 19, 'Kendall Waston', 'DF', 30, 'Vancouver Whitecaps FC'),
(620, 6, 20, 'David Guzman', 'MF', 28, 'Portland Timbers'),
(621, 6, 21, 'Marco Urena', 'FW', 28, 'Los Angeles FC'),
(622, 6, 22, 'Kenner Gutierrez', 'DF', 29, 'Alajuelense'),
(623, 6, 23, 'Leonel Moreira', 'GK', 28, 'Herediano'),
(701, 7, 1, 'Dominik Livakovic', 'GK', 23, 'Dinamo Zagreb'),
(702, 7, 2, 'Sime Vrsaljko', 'DF', 26, 'Atletico Madrid'),
(703, 7, 3, 'Ivan Strinic', 'DF', 30, 'Sampdoria'),
(704, 7, 4, 'Ivan Perisic', 'FW', 29, 'Inter Milan'),
(705, 7, 5, 'Vedran Corluka', 'DF', 32, 'Lokomotiv Moscow'),
(706, 7, 6, 'Dejan Lovren', 'DF', 28, 'Liverpool'),
(707, 7, 7, 'Ivan Rakitic', 'MF', 30, 'Barcelona'),
(708, 7, 8, 'Mateo Kovacic', 'MF', 24, 'Real Madrid'),
(709, 7, 9, 'Andrej Kramaric', 'FW', 26, 'Hoffenheim'),
(710, 7, 10, 'Luka Modric', 'MF', 32, 'Real Madrid'),
(711, 7, 11, 'Marcelo Brozovic', 'MF', 25, 'Inter Milan'),
(712, 7, 12, 'Lovre Kalinic', 'GK', 28, 'Gent'),
(713, 7, 13, 'Tin Jedvaj', 'DF', 22, 'Bayer Leverkusen'),
(714, 7, 14, 'Filip Bradaric', 'MF', 26, 'Rijeka'),
(715, 7, 15, 'Duje Caleta-Car', 'DF', 21, 'Red Bull Salzburg'),
(716, 7, 16, 'Nikola Kalinic', 'FW', 30, 'AC Milan'),
(717, 7, 17, 'Mario Mandzukic', 'FW', 32, 'Juventus'),
(718, 7, 18, 'Ante Rebic', 'FW', 24, 'Eintracht Frankfurt'),
(719, 7, 19, 'Milan Badelj', 'MF', 29, 'Fiorentina'),
(720, 7, 20, 'Marko Pjaca', 'FW', 23, 'Schalke 04'),
(721, 7, 21, 'Domagoj Vida', 'DF', 29, 'Besiktas'),
(722, 7, 22, 'Josip Pivaric', 'DF', 29, 'Dynamo Kyiv'),
(723, 7, 23, 'Danijel Subasic', 'GK', 33, 'AS Monaco'),
(801, 8, 1, 'Kasper Schmeichel', 'GK', 31, 'Leicester City'),
(802, 8, 2, 'Michael Krohn-Dehli', 'MF', 35, 'Deportivo La Coruna'),
(803, 8, 3, 'Jannik Vestergaard', 'DF', 25, 'Borussia Monchengladbach'),
(804, 8, 4, 'Simon Kjer', 'DF', 29, 'Sevilla'),
(805, 8, 5, 'Jonas Knudsen', 'DF', 25, 'Ipswich Town'),
(806, 8, 6, 'Andreas Christensen', 'DF', 22, 'Chelsea'),
(807, 8, 7, 'William Kvist', 'MF', 33, 'Copenhagen'),
(808, 8, 8, 'Thomas Delaney', 'MF', 26, 'Werder Bremen'),
(809, 8, 9, 'Nicolai Jorgensen', 'FW', 27, 'Feyenoord'),
(810, 8, 10, 'Christian Eriksen', 'MF', 26, 'Tottenham Hotspur'),
(811, 8, 11, 'Martin Braithwaite', 'FW', 27, 'Bordeaux'),
(812, 8, 12, 'Kasper Dolberg', 'FW', 20, 'Ajax Amsterdam'),
(813, 8, 13, 'Mathias Jorgensen', 'DF', 28, 'Huddersfield Town'),
(814, 8, 14, 'Henrik Dalsgaard', 'DF', 28, 'Brentford'),
(815, 8, 15, 'Viktor Fischer', 'FW', 24, 'Copenhagen'),
(816, 8, 16, 'Jonas Lossl', 'GK', 29, 'Huddersfield Town'),
(817, 8, 17, 'Jens Stryger Larsen', 'DF', 27, 'Udinese'),
(818, 8, 18, 'Lukas Lerager', 'MF', 24, 'Bordeaux'),
(819, 8, 19, 'Lasse Schone', 'MF', 32, 'Ajax Amsterdam'),
(820, 8, 20, 'Yussuf Poulsen', 'FW', 23, 'RB Leipzig'),
(821, 8, 21, 'Andreas Cornelius', 'FW', 25, 'Atalanta'),
(822, 8, 22, 'Frederik Ronnow', 'GK', 25, 'Brondby'),
(823, 8, 23, 'Pione Sisto', 'FW', 23, 'Celta Vigo'),
(901, 9, 1, 'Essam El Hadary', 'GK', 45, 'Al Taawoun'),
(902, 9, 2, 'Ali Gabr', 'DF', 29, 'West Bromwich Albion'),
(903, 9, 3, 'Ahmed Elmohamady', 'DF', 30, 'Aston Villa'),
(904, 9, 4, 'Omar Gaber', 'MF', 26, 'Los Angeles FC'),
(905, 9, 5, 'Sam Morsy', 'MF', 26, 'Wigan Athletic'),
(906, 9, 6, 'Ahmed Hegazi', 'DF', 27, 'West Bromwich Albion'),
(907, 9, 7, 'Ahmed Fathy', 'DF', 33, 'Al Ahly'),
(908, 9, 8, 'Tarek Hamed', 'MF', 29, 'Zamalek'),
(909, 9, 9, 'Marwan Mohsen', 'FW', 29, 'Al Ahly'),
(910, 9, 10, 'Mohamed Salah', 'FW', 25, 'Liverpool'),
(911, 9, 11, 'Kahraba', 'FW', 24, 'Al-Ittihad'),
(912, 9, 12, 'Ayman Ashraf', 'DF', 27, 'Al Ahly'),
(913, 9, 13, 'Mohamed Abdel Shafy', 'DF', 32, 'Al Fateh'),
(914, 9, 14, 'Ramadan Sobhi', 'FW', 21, 'Stoke City'),
(915, 9, 15, 'Mahmoud Hamdy', 'DF', 23, 'Zamalek'),
(916, 9, 16, 'Sherif Ekramy', 'GK', 34, 'Al Ahly'),
(917, 9, 17, 'Mohamed Elneny', 'MF', 25, 'Arsenal'),
(918, 9, 18, 'Shikabala', 'FW', 32, 'Al Raed'),
(919, 9, 19, 'Abdallah El Said', 'MF', 32, 'KuPS'),
(920, 9, 20, 'Saad Samir', 'DF', 29, 'Al Ahly'),
(921, 9, 21, 'Trezeguet', 'MF', 23, 'Kasimpasa'),
(922, 9, 22, 'Amr Warda', 'FW', 24, 'Atromitos'),
(923, 9, 23, 'Mohamed El Shenawy', 'GK', 29, 'Al Ahly'),
(1001, 10, 1, 'Jordan Pickford', 'GK', 24, 'Everton'),
(1002, 10, 2, 'Kyle Walker', 'DF', 28, 'Manchester City'),
(1003, 10, 3, 'Danny Rose', 'DF', 27, 'Tottenham Hotspur'),
(1004, 10, 4, 'Eric Dier', 'MF', 24, 'Tottenham Hotspur'),
(1005, 10, 5, 'John Stones', 'DF', 24, 'Manchester City'),
(1006, 10, 6, 'Harry Maguire', 'DF', 25, 'Leicester City'),
(1007, 10, 7, 'Jesse Lingard', 'MF', 25, 'Manchester United'),
(1008, 10, 8, 'Jordan Henderson', 'MF', 27, 'Liverpool'),
(1009, 10, 9, 'Harry Kane', 'FW', 24, 'Tottenham Hotspur'),
(1010, 10, 10, 'Raheem Sterling', 'FW', 23, 'Manchester City'),
(1011, 10, 11, 'Jamie Vardy', 'FW', 31, 'Leicester City'),
(1012, 10, 12, 'Kieran Trippier', 'DF', 27, 'Tottenham Hotspur'),
(1013, 10, 13, 'Jack Butland', 'GK', 25, 'Stoke City'),
(1014, 10, 14, 'Danny Welbeck', 'FW', 27, 'Arsenal'),
(1015, 10, 15, 'Gary Cahill', 'DF', 32, 'Chelsea'),
(1016, 10, 16, 'Phil Jones', 'DF', 26, 'Manchester United'),
(1017, 10, 17, 'Fabian Delph', 'DF', 28, 'Manchester City'),
(1018, 10, 18, 'Ashley Young', 'DF', 32, 'Manchester United'),
(1019, 10, 19, 'Marcus Rashford', 'FW', 20, 'Manchester United'),
(1020, 10, 20, 'Dele Alli', 'MF', 22, 'Tottenham Hotspur'),
(1021, 10, 21, 'Ruben Loftus-Cheek', 'MF', 22, 'Crystal Palace'),
(1022, 10, 22, 'Trent Alexander-Arnold', 'DF', 19, 'Liverpool'),
(1023, 10, 23, 'Nick Pope', 'GK', 26, 'Burnley'),
(1101, 11, 1, 'Hugo Lloris', 'GK', 31, 'Tottenham Hotspur'),
(1102, 11, 2, 'Benjamin Pavard', 'DF', 22, 'VfB Stuttgart'),
(1103, 11, 3, 'Presnel Kimpembe', 'DF', 22, 'Paris Saint-Germain'),
(1104, 11, 4, 'Raphael Varane', 'DF', 25, 'Real Madrid'),
(1105, 11, 5, 'Samuel Umtiti', 'DF', 24, 'Barcelona'),
(1106, 11, 6, 'Paul Pogba', 'MF', 25, 'Manchester United'),
(1107, 11, 7, 'Antoine Griezmann', 'FW', 27, 'Atletico Madrid'),
(1108, 11, 8, 'Thomas Lemar', 'FW', 22, 'AS Monaco'),
(1109, 11, 9, 'Olivier Giroud', 'FW', 31, 'Chelsea'),
(1110, 11, 10, 'Kylian Mbappe', 'FW', 19, 'Paris Saint-Germain'),
(1111, 11, 11, 'Ousmane Dembele', 'FW', 21, 'Barcelona'),
(1112, 11, 12, 'Corentin Tolisso', 'MF', 23, 'Bayern Munich'),
(1113, 11, 13, 'NGolo Kante', 'MF', 27, 'Chelsea'),
(1114, 11, 14, 'Blaise Matuidi', 'MF', 31, 'Juventus'),
(1115, 11, 15, 'Steven Nzonzi', 'MF', 29, 'Sevilla'),
(1116, 11, 16, 'Steve Mandanda', 'GK', 33, 'Marseille'),
(1117, 11, 17, 'Adil Rami', 'DF', 32, 'Marseille'),
(1118, 11, 18, 'Nabil Fekir', 'FW', 24, 'Lyon'),
(1119, 11, 19, 'Djibril Sidibe', 'DF', 25, 'AS Monaco'),
(1120, 11, 20, 'Florian Thauvin', 'FW', 25, 'Marseille'),
(1121, 11, 21, 'Lucas Hernandez', 'DF', 22, 'Atletico Madrid'),
(1122, 11, 22, 'Benjamin Mendy', 'DF', 23, 'Manchester City'),
(1123, 11, 23, 'Alphonse Areola', 'GK', 25, 'Paris Saint-Germain'),
(1201, 12, 1, 'Manuel Neuer', 'GK', 32, 'Bayern Munich'),
(1202, 12, 2, 'Marvin Plattenhardt', 'DF', 26, 'Hertha Berlin'),
(1203, 12, 3, 'Jonas Hector', 'DF', 28, 'FC Koln'),
(1204, 12, 4, 'Matthias Ginter', 'DF', 24, 'Borussia Mönchengladbach'),
(1205, 12, 5, 'Mats Hummels', 'DF', 29, 'Bayern Munich'),
(1206, 12, 6, 'Sami Khedira', 'MF', 31, 'Juventus'),
(1207, 12, 7, 'Julian Draxler', 'MF', 24, 'Paris Saint-Germain'),
(1208, 12, 8, 'Toni Kroos', 'MF', 28, 'Real Madrid'),
(1209, 12, 9, 'Timo Werner', 'FW', 22, 'RB Leipzig'),
(1210, 12, 10, 'Mesut Ozil', 'MF', 29, ' Arsenal'),
(1211, 12, 11, 'Marco Reus', 'FW', 29, 'Borussia Dortmund'),
(1212, 12, 12, 'Kevin Trapp', 'GK', 27, 'Paris Saint-Germain'),
(1213, 12, 13, 'Thomas Muller', 'MF', 28, 'Bayern Munich'),
(1214, 12, 14, 'Leon Goretzka', 'MF', 23, 'Schalke 04'),
(1215, 12, 15, 'Niklas Sule', 'DF', 22, 'Bayern Munich'),
(1216, 12, 16, 'Antonio Rudiger', 'DF', 25, 'Chelsea'),
(1217, 12, 17, 'Jerome Boateng', 'DF', 29, 'Bayern Munich'),
(1218, 12, 18, 'Joshua Kimmich', 'DF', 23, 'Bayern Munich'),
(1219, 12, 19, 'Sebastian Rudy', 'MF', 28, 'Bayern Munich'),
(1220, 12, 20, 'Julian Brandt', 'MF', 22, 'Bayer Leverkusen'),
(1221, 12, 21, 'Ilkay Gundogan', 'MF', 27, 'Manchester City'),
(1222, 12, 22, 'Marc-Andre ter Stegen', 'GK', 26, 'Barcelona'),
(1223, 12, 23, 'Mario Gomez', 'FW', 32, 'VfB Stuttgart'),
(1301, 13, 1, 'Hannes Þor Halldorsson', 'GK', 34, 'Randers'),
(1302, 13, 2, 'Birkir Mar Savarsson', 'DF', 33, 'Valur'),
(1303, 13, 3, 'Samuel Friojonsson', 'MF', 22, 'Valerenga'),
(1304, 13, 4, 'Albert Guomundsson', 'MF', 20, 'PSV Eindhoven'),
(1305, 13, 5, 'Sverrir Ingi Ingason', 'DF', 24, 'Rostov'),
(1306, 13, 6, 'Ragnar Sigurosson', 'DF', 31, 'Rostov'),
(1307, 13, 7, 'Johann Berg Guomundsson', 'MF', 27, 'Burnley'),
(1308, 13, 8, 'Birkir Bjarnason', 'MF', 30, 'Aston Villa'),
(1309, 13, 9, 'Bjorn Bergmann Siguroarson', 'FW', 27, 'Rostov'),
(1310, 13, 10, 'Gylfi Sigurosson', 'MF', 28, 'Everton'),
(1311, 13, 11, 'Alfreo Finnbogason', 'FW', 29, 'FC Augsburg'),
(1312, 13, 12, 'Frederik Schram', 'GK', 23, 'Roskilde'),
(1313, 13, 13, 'Runar Alex Runarsson', 'GK', 23, 'Nordsjejlland'),
(1314, 13, 14, 'Kari Arnason', 'DF', 35, 'Aberdeen'),
(1315, 13, 15, 'Holmar Orn Eyjolfsson', 'DF', 27, 'Levski Sofia'),
(1316, 13, 16, 'Olafur Ingi Skulason', 'MF', 35, 'Kardemir Karabukspor'),
(1317, 13, 17, 'Aron Gunnarsson', 'MF', 29, 'Cardiff City'),
(1318, 13, 18, 'Horour Bjorgvin Magnusson', 'DF', 25, 'Bristol City'),
(1319, 13, 19, 'Rurik Gislason', 'MF', 30, 'SV Sandhausen'),
(1320, 13, 20, 'Emil Hallfreosson', 'MF', 33, 'Udinese'),
(1321, 13, 21, 'Arnor Ingvi Traustason', 'MF', 25, 'Malmo FF'),
(1322, 13, 22, 'Jon Daoi Boovarsson', 'FW', 26, 'Reading'),
(1323, 13, 23, 'Ari Freyr Skulason', 'DF', 31, 'Lokeren'),
(1401, 14, 1, 'Alireza Beiranvand', 'GK', 25, 'Persepolis'),
(1402, 14, 2, 'Mehdi Torabi', 'MF', 23, 'Saipa'),
(1403, 14, 3, 'Ehsan Hajsafi', 'DF', 28, 'Olympiacos'),
(1404, 14, 4, 'Rouzbeh Cheshmi', 'DF', 24, 'Esteghlal'),
(1405, 14, 5, 'Milad Mohammadi', 'DF', 24, 'Akhmat Grozny'),
(1406, 14, 6, 'Saeid Ezatolahi', 'MF', 21, 'Amkar Perm'),
(1407, 14, 7, 'Masoud Shojaei', 'MF', 34, 'AEK Athens'),
(1408, 14, 8, 'Morteza Pouraliganji', 'DF', 26, 'Al Sadd'),
(1409, 14, 9, 'Omid Ebrahimi', 'MF', 30, 'Esteghlal'),
(1410, 14, 10, 'Karim Ansarifard', 'FW', 28, 'Olympiacos'),
(1411, 14, 11, 'Vahid Amiri', 'MF', 30, 'Persepolis'),
(1412, 14, 12, 'Mohammad Rashid Mazaheri', 'GK', 29, 'Zob Ahan'),
(1413, 14, 13, 'Mohammad Reza Khanzadeh', 'DF', 27, 'Padideh'),
(1414, 14, 14, 'Saman Ghoddos', 'FW', 24, 'Ostersund'),
(1415, 14, 15, 'Pejman Montazeri', 'DF', 34, 'Esteghlal'),
(1416, 14, 16, 'Reza Ghoochannejhad', 'FW', 30, 'Heerenveen'),
(1417, 14, 17, 'Mehdi Taremi', 'FW', 25, 'Al-Gharafa'),
(1418, 14, 18, 'Alireza Jahanbakhsh', 'FW', 24, 'AZ'),
(1419, 14, 19, 'Majid Hosseini', 'DF', 21, 'Esteghlal'),
(1420, 14, 20, 'Sardar Azmoun', 'FW', 23, 'Rubin Kazan'),
(1421, 14, 21, 'Ashkan Dejagah', 'MF', 31, 'Nottingham Forest'),
(1422, 14, 22, 'Amir Abedzadeh', 'GK', 25, 'Maritimo'),
(1423, 14, 23, 'Ramin Rezaeian', 'DF', 28, 'Oostende'),
(1501, 15, 1, 'Eiji Kawashima', 'GK', 35, 'Metz'),
(1502, 15, 2, 'Naomichi Ueda', 'DF', 23, 'Kashima Antlers'),
(1503, 15, 3, 'Gen Shoji', 'DF', 25, 'Kashima Antlers'),
(1504, 15, 4, 'Keisuke Honda', 'MF', 32, 'Pachuca'),
(1505, 15, 5, 'Yuto Nagatomo', 'DF', 31, 'Galatasaray'),
(1506, 15, 6, 'Wataru Endo', 'DF', 25, 'Urawa Red Diamonds'),
(1507, 15, 7, 'Gaku Shibasaki', 'MF', 26, 'Getafe'),
(1508, 15, 8, 'Genki Haraguchi', 'MF', 27, 'Fortuna Dusseldorf'),
(1509, 15, 9, 'Shinji Okazaki', 'FW', 32, 'Leicester City'),
(1510, 15, 10, 'Shinji Kagawa', 'MF', 29, 'Borussia Dortmund'),
(1511, 15, 11, 'Takashi Usami', 'MF', 26, 'Fortuna Dusseldorf'),
(1512, 15, 12, 'Masaaki Higashiguchi', 'GK', 32, 'Gamba Osaka'),
(1513, 15, 13, 'Yoshinori Muto', 'FW', 25, 'Mainz 05'),
(1514, 15, 14, 'Takashi Inui', 'MF', 30, 'Eibar'),
(1515, 15, 15, 'Yuya Osako', 'FW', 28, 'FC Koln'),
(1516, 15, 16, 'Hotaru Yamaguchi', 'MF', 27, 'Cerezo Osaka'),
(1517, 15, 17, 'Makoto Hasebe', 'MF', 34, 'Eintracht Frankfurt'),
(1518, 15, 18, 'Ryota Oshima', 'MF', 25, 'Kawasaki Frontale'),
(1519, 15, 19, 'Hiroki Sakai', 'DF', 28, 'Marseille'),
(1520, 15, 20, 'Tomoaki Makino', 'DF', 31, 'Urawa Red Diamonds'),
(1521, 15, 21, 'Gotoku Sakai', 'DF', 27, 'Hamburger SV'),
(1522, 15, 22, 'Maya Yoshida', 'DF', 29, 'Southampton'),
(1523, 15, 23, 'Kosuke Nakamura', 'GK', 23, 'Kashiwa Reysol'),
(1601, 16, 1, 'Kim Seung-gyu', 'GK', 27, 'Vissel Kobe'),
(1602, 16, 2, 'Lee Yong', 'DF', 31, 'Jeonbuk Hyundai Motors'),
(1603, 16, 3, 'Jung Seung-hyun', 'DF', 24, 'Sagan Tosu'),
(1604, 16, 4, 'Oh Ban-suk', '', 30, 'Jeju United'),
(1605, 16, 5, 'Yun Young-sun', 'DF', 29, 'Seongnam FC'),
(1606, 16, 6, 'Park Joo-ho', 'DF', 31, 'Ulsan Hyundai'),
(1607, 16, 7, 'Son Heung-min', 'FW', 25, 'Tottenham Hotspur'),
(1608, 16, 8, 'Ju Se-jong', 'MF', 27, ' Asan Mugunghwa'),
(1609, 16, 9, 'Kim Shin-wook', 'FW', 30, 'Jeonbuk Hyundai Motors'),
(1610, 16, 10, 'Lee Seung-woo', 'MF', 20, 'Hellas Verona'),
(1611, 16, 11, 'Hwang Hee-chan', 'FW', 22, 'Red Bull Salzburg'),
(1612, 16, 12, 'Kim Min-woo', 'DF', 28, 'Sangju Sangmu'),
(1613, 16, 13, 'Koo Ja-cheol', 'MF', 29, 'FC Augsburg'),
(1614, 16, 14, 'Hong Chul', 'DF', 27, 'Sangju Sangmu'),
(1615, 16, 15, 'Jung Woo-young', 'MF', 28, 'Vissel Kobe'),
(1616, 16, 16, 'Ki Sung-yueng', 'MF', 29, 'Swansea City'),
(1617, 16, 17, 'Lee Jae-sung', 'MF', 25, 'Jeonbuk Hyundai Motors'),
(1618, 16, 18, 'Moon Seon-min', 'MF', 26, 'Incheon United'),
(1619, 16, 19, 'Kim Young-gwon', 'DF', 28, 'Guangzhou Evergrande'),
(1620, 16, 20, 'Jang Hyun-soo', 'DF', 26, 'FC Tokyo'),
(1621, 16, 21, 'Kim Jin-hyeon', 'GK', 30, 'Cerezo Osaka'),
(1622, 16, 22, 'Go Yo-han', 'DF', 30, 'FC Seoul'),
(1623, 16, 23, 'Jo Hyeon-woo', 'GK', 26, 'Daegu FC'),
(1701, 17, 1, 'Jose de Jesus Corona', 'GK', 37, 'Cruz Azul'),
(1702, 17, 2, 'Hugo Ayala', 'DF', 31, 'UANL'),
(1703, 17, 3, 'Carlos Salcedo', 'DF', 24, 'Eintracht Frankfurt'),
(1704, 17, 4, 'Rafael Marquez', 'DF', 39, 'Atlas'),
(1705, 17, 5, 'Erick Gutierrez', 'MF', 22, 'Pachuca'),
(1706, 17, 6, 'Jonathan dos Santos', 'MF', 28, 'LA Galaxy'),
(1707, 17, 7, 'Miguel Layun', 'MF', 29, 'Sevilla'),
(1708, 17, 8, 'Marco Fabian', 'FW', 28, 'Eintracht Frankfurt'),
(1709, 17, 9, 'Raul Jimenez', 'FW', 27, 'Benfica'),
(1710, 17, 10, 'Giovani dos Santos', 'MF', 29, 'LA Galaxy'),
(1711, 17, 11, 'Carlos Vela', 'FW', 29, 'Los Angeles FC'),
(1712, 17, 12, 'Alfredo Talavera', 'GK', 35, 'Toluca'),
(1713, 17, 13, 'Guillermo Ochoa', 'GK', 32, 'Standard Liege'),
(1714, 17, 14, 'Javier Hernandez', 'FW', 30, 'West Ham United'),
(1715, 17, 15, 'Hector Moreno', 'DF', 30, 'Real Sociedad'),
(1716, 17, 16, 'Hector Herrera', 'DF', 28, 'Porto'),
(1717, 17, 17, 'Jesus Manuel Corona', 'MF', 25, 'Porto'),
(1718, 17, 18, 'Andres Guardado', 'MF', 31, 'Real Betis'),
(1719, 17, 19, 'Oribe Peralta', 'FW', 34, 'America'),
(1720, 17, 20, 'Javier Aquino', 'MF', 28, 'UANL'),
(1721, 17, 21, 'Edson Alvarez', 'DF', 20, 'America'),
(1722, 17, 22, 'Hirving Lozano', 'FW', 22, 'PSV Eindhoven'),
(1723, 17, 23, 'Jesus Gallardo', 'MF', 23, 'UNAM'),
(1801, 18, 1, 'Yassine Bounou', 'GK', 27, 'Girona'),
(1802, 18, 2, 'Achraf Hakimi', 'DF', 19, 'Real Madrid'),
(1803, 18, 3, 'Hamza Mendyl', 'DF', 20, 'Lille'),
(1804, 18, 4, 'Manuel da Costa', 'DF', 32, 'Istanbul Basaksehir'),
(1805, 18, 5, 'Medhi Benatia', 'DF', 31, 'Juventus'),
(1806, 18, 6, 'Romain Saiss', 'DF', 28, 'Wolverhampton Wanderers'),
(1807, 18, 7, 'Hakim Ziyech', 'MF', 25, 'Ajax Amsterdam'),
(1808, 18, 8, 'Karim El Ahmadi', 'MF', 33, 'Feyenoord'),
(1809, 18, 9, 'Ayoub El Kaabi', 'FW', 24, 'RS Berkane'),
(1810, 18, 10, 'Younes Belhanda', 'MF', 28, 'Galatasaray'),
(1811, 18, 11, 'Faycal Fajr', 'MF', 29, 'Getafe'),
(1812, 18, 12, 'Munir Mohamedi', 'GK', 29, 'Numancia'),
(1813, 18, 13, 'Khalid Boutaib', 'FW', 31, 'Yeni Malatyaspor'),
(1814, 18, 14, 'Mbark Boussoufa', 'MF', 33, 'Al Jazira'),
(1815, 18, 15, 'Youssef Aït Bennasser', 'MF', 21, 'Caen'),
(1816, 18, 16, 'Nordin Amrabat', 'MF', 31, 'Leganes'),
(1817, 18, 17, 'Nabil Dirar', 'DF', 32, 'Fenerbahce'),
(1818, 18, 18, 'Amine Harit', 'MF', 20, 'Schalke 04'),
(1819, 18, 19, 'Youssef En-Nesyri', 'FW', 21, 'Malaga'),
(1820, 18, 20, 'Aziz Bouhaddouz', 'FW', 31, 'FC St. Pauli'),
(1821, 18, 21, 'Sofyan Amrabat', 'MF', 21, 'Feyenoord'),
(1822, 18, 22, 'Ahmed Reda Tagnaouti', 'GK', 22, 'IR Tanger'),
(1823, 18, 23, 'Mehdi Carcela', 'MF', 28, 'Standard Liege'),
(1901, 19, 1, 'Ikechukwu Ezenwa', 'GK', 29, 'Enyimba'),
(1902, 19, 2, 'Brian Idowu', 'DF', 26, 'Amkar Perm'),
(1903, 19, 3, 'Elderson Echiejile', 'DF', 30, 'Cercle Brugge'),
(1904, 19, 4, 'Wilfred Ndidi', 'MF', 21, 'Leicester City'),
(1905, 19, 5, 'William Troost-Ekong', 'DF', 24, 'Bursaspor'),
(1906, 19, 6, 'Leon Balogun', 'DF', 29, 'Mainz 05'),
(1907, 19, 7, 'Ahmed Musa', 'FW', 25, 'CSKA Moscow'),
(1908, 19, 8, 'Peter Etebo', 'MF', 22, 'Las Palmas'),
(1909, 19, 9, 'Odion Ighalo', 'FW', 28, 'Changchun Yatai'),
(1910, 19, 10, 'John Obi Mikel', 'MF', 31, 'Tianjin TEDA'),
(1911, 19, 11, 'Victor Moses', 'FW', 27, 'Chelsea'),
(1912, 19, 12, 'Shehu Abdullahi', 'DF', 25, 'Bursaspor'),
(1913, 19, 13, 'Simeon Nwankwo', 'FW', 26, 'Crotone'),
(1914, 19, 14, 'Kelechi Iheanacho', 'FW', 22, 'Leicester City'),
(1915, 19, 15, 'Joel Obi', 'MF', 27, ' Torino'),
(1916, 19, 16, 'Daniel Akpeyi', 'GK', 32, 'Chippa United'),
(1917, 19, 17, 'Ogenyi Onazi', 'MF', 25, 'Trabzonspor'),
(1918, 19, 18, 'Alex Iwobi', 'FW', 22, 'Arsenal'),
(1919, 19, 19, 'John Ogu', 'MF', 30, 'Hapoel Beer Sheva'),
(1920, 19, 20, 'Chidozie Awaziem', 'DF', 21, 'Nantes'),
(1921, 19, 21, 'Tyronne Ebuehi', 'DF', 22, 'ADO Den Haag'),
(1922, 19, 22, 'Kenneth Omeruo', 'DF', 24, 'Kasimpasa'),
(1923, 19, 23, 'Francis Uzoho', 'GK', 19, 'Deportivo La Coruna'),
(2001, 20, 1, 'Jaime Penedo', 'GK', 36, 'Dinamo Bucuresti'),
(2002, 20, 2, 'Michael Amir Murillo', 'DF', 22, 'New York Red Bulls'),
(2003, 20, 3, 'Harold Cummings', 'DF', 26, 'San Jose Earthquakes'),
(2004, 20, 4, 'Fidel Escobar', 'DF', 23, 'New York Red Bulls'),
(2005, 20, 5, 'Roman Torres', 'DF', 32, 'Seattle Sounders FC'),
(2006, 20, 6, 'Gabriel Gomez', 'MF', 34, 'Atletico Bucaramanga'),
(2007, 20, 7, 'Blas Perez', 'FW', 37, 'Municipal'),
(2008, 20, 8, 'Yoel Barcenas', 'MF', 24, 'Tapachula'),
(2009, 20, 9, 'Gabriel Torres', 'FW', 29, 'Huachipato'),
(2010, 20, 10, 'Ismael Diaz', 'FW', 21, 'Deportivo Fabril'),
(2011, 20, 11, 'Armando Cooper', 'MF', 30, 'Universidad de Chile'),
(2012, 20, 12, 'Jose Calderon', 'GK', 32, 'Chorrillo'),
(2013, 20, 13, 'Adolfo Machado', 'DF', 33, 'Houston Dynamo'),
(2014, 20, 14, 'Valentín Pimentel', 'MF', 27, 'Plaza Amador'),
(2015, 20, 15, 'Erick Davis', 'DF', 27, 'Dunajska Streda'),
(2016, 20, 16, 'Abdiel Arroyo', 'FW', 24, 'Alajuelense'),
(2017, 20, 17, 'Luis Ovalle', 'DF', 29, 'CD Olimpia'),
(2018, 20, 18, 'Luis Tejada', 'FW', 36, 'Sport Boys'),
(2019, 20, 19, 'Ricardo Avila', 'MF', 21, 'Gent'),
(2020, 20, 20, 'Anibal Godoy', 'MF', 28, 'San Jose Earthquakes'),
(2021, 20, 21, 'Jose Luis Rodriguez', 'MF', 19, 'Gent'),
(2022, 20, 22, 'Alex Rodriguez', 'GK', 27, 'San Francisco'),
(2023, 20, 23, 'Felipe Baloy', 'DF', 37, 'Municipal'),
(2101, 21, 1, 'Pedro Gallese', 'GK', 28, 'Veracruz'),
(2102, 21, 2, 'Alberto Rodriguez', 'DF', 34, 'Atletico Junior'),
(2103, 21, 3, 'Aldo Corzo', 'DF', 29, 'Universitario'),
(2104, 21, 4, 'Anderson Santamaria', 'DF', 26, 'Puebla'),
(2105, 21, 5, 'Miguel Araujo', 'DF', 23, 'Alianza Lima'),
(2106, 21, 6, 'Miguel Trauco', 'DF', 25, 'Flamengo'),
(2107, 21, 7, 'Paolo Hurtado', 'MF', 27, 'Vitoria de Guimaraes'),
(2108, 21, 8, 'Christian Cueva', 'MF', 26, 'Sao Paulo'),
(2109, 21, 9, 'Paolo Guerrero', 'FW', 34, 'Flamengo'),
(2110, 21, 10, 'Jefferson Farfan', 'FW', 33, 'Lokomotiv Moscow'),
(2111, 21, 11, 'Raul Ruidiaz', 'FW', 27, 'Morelia'),
(2112, 21, 12, 'Carlos Caceda', 'GK', 26, 'Deportivo Municipal'),
(2113, 21, 13, 'Renato Tapia', 'MF', 22, 'Feyenoord'),
(2114, 21, 14, 'Andy Polo', 'MF', 23, 'Portland Timbers'),
(2115, 21, 15, 'Christian Ramos', 'DF', 29, 'Veracruz'),
(2116, 21, 16, 'Wilder Cartagena', 'MF', 23, 'Veracruz'),
(2117, 21, 17, 'Luis Advincula', 'DF', 28, 'Lobos BUAP'),
(2118, 21, 18, 'Andre Carrillo', 'FW', 27, 'Watford'),
(2119, 21, 19, 'Yoshimar Yotun', 'MF', 28, 'Orlando City'),
(2120, 21, 20, 'Edison Flores', 'FW', 24, 'AaB'),
(2121, 21, 21, 'Jose Carvallo', 'GK', 32, 'UTC'),
(2122, 21, 22, 'Nilson Loyola', 'DF', 23, 'Melgar'),
(2123, 21, 23, 'Pedro Aquino', 'MF', 23, 'Lobos BUAP'),
(2201, 22, 1, 'Wojciech Szczesny', 'GK', 28, 'Juventus'),
(2202, 22, 2, 'Michał Pazdan', 'DF', 30, 'Legia Warsaw'),
(2203, 22, 3, 'Artur Jedrzejczyk', 'DF', 30, 'Legia Warsaw'),
(2204, 22, 4, 'Thiago Cionek', 'DF', 32, 'SPAL'),
(2205, 22, 5, 'Jan Bednarek', 'DF', 22, 'Southampton'),
(2206, 22, 6, 'Jacek Goralski', 'MF', 25, 'Ludogorets Razgrad'),
(2207, 22, 7, 'Arkadiusz Milik', 'FW', 24, 'Napoli'),
(2208, 22, 8, 'Karol Linetty', 'MF', 23, 'Sampdoria'),
(2209, 22, 9, 'Robert Lewandowski', 'FW', 29, 'Bayern Munich'),
(2210, 22, 10, 'Grzegorz Krychowiak', 'MF', 28, 'West Bromwich Albion'),
(2211, 22, 11, 'Kamil Grosicki', 'MF', 30, 'Hull City'),
(2212, 22, 12, 'Bartosz Białkowski', 'GK', 30, 'Ipswich Town'),
(2213, 22, 13, 'Maciej Rybus', 'MF', 28, 'Lokomotiv Moscow'),
(2214, 22, 14, 'Lukasz Teodorczyk', 'FW', 27, 'Anderlecht'),
(2215, 22, 15, 'Kamil Glik', 'DF', 30, 'AS Monaco'),
(2216, 22, 16, 'Jakub Blaszczykowski', 'MF', 32, 'VfL Wolfsburg'),
(2217, 22, 17, 'Slawomir Peszko', 'MF', 33, 'Lechia Gdansk'),
(2218, 22, 18, 'Bartosz Bereszynski', 'DF', 25, 'Sampdoria'),
(2219, 22, 19, 'Piotr Zielinski', 'MF', 24, 'Napoli'),
(2220, 22, 20, 'Lukasz Piszczek', 'DF', 33, 'Borussia Dortmund'),
(2221, 22, 21, 'Rafal Kurzawa', 'MF', 25, 'Gornik Zabrze'),
(2222, 22, 22, 'Lukasz Fabianski', 'GK', 33, 'Swansea City'),
(2223, 22, 23, 'Dawid Kownacki', 'FW', 21, 'Sampdoria'),
(2301, 23, 1, 'Rui Patrício', 'GK', 30, 'Sporting Lisbon'),
(2302, 23, 2, 'Bruno Alves', 'DF', 36, 'Rangers'),
(2303, 23, 3, 'Pepe', 'DF', 35, 'Besiktas'),
(2304, 23, 4, 'Manuel Fernandes', 'MF', 32, 'Lokomotiv Moscow'),
(2305, 23, 5, 'Raphaël Guerreiro', 'DF', 24, 'Borussia Dortmund'),
(2306, 23, 6, 'José Fonte', 'DF', 34, 'Dalian Yifang'),
(2307, 23, 7, 'Cristiano Ronaldo', 'FW', 33, 'Real Madrid'),
(2308, 23, 8, 'João Moutinho', 'MF', 31, 'AS Monaco'),
(2309, 23, 9, 'André Silva', 'FW', 22, 'AC Milan'),
(2310, 23, 10, 'João Mário', 'MF', 25, 'West Ham United'),
(2311, 23, 11, 'Bernardo Silva', 'MF', 23, 'Manchester City'),
(2312, 23, 12, 'Anthony Lopes', 'GK', 27, 'Lyon'),
(2313, 23, 13, 'Rúben Dias', 'DF', 21, 'Benfica'),
(2314, 23, 14, 'William Carvalho', 'MF', 26, 'Sporting Lisbon'),
(2315, 23, 15, 'Ricardo Pereira', 'DF', 24, 'Porto'),
(2316, 23, 16, 'Bruno Fernandes', 'MF', 23, 'Sporting Lisbon'),
(2317, 23, 17, 'Gonçalo Guedes', 'FW', 21, 'Valencia'),
(2318, 23, 18, 'Gelson Martins', 'FW', 23, 'Sporting Lisbon'),
(2319, 23, 19, 'Mário Rui', 'DF', 27, 'Napoli'),
(2320, 23, 20, 'Ricardo Quaresma', 'FW', 34, 'Besiktas'),
(2321, 23, 21, 'Cédric', 'DF', 26, 'Southampton'),
(2322, 23, 22, 'Beto', 'GK', 36, 'Goztepe'),
(2323, 23, 23, 'Adrien Silva', 'MF', 29, 'Leicester City'),
(2401, 24, 1, 'Igor Akinfeev', 'GK', 32, 'CSKA Moscow'),
(2402, 24, 2, 'Mário Fernandes', 'DF', 27, 'CSKA Moscow'),
(2403, 24, 3, 'Ilya Kutepov', 'DF', 24, 'Spartak Moscow'),
(2404, 24, 4, 'Sergei Ignashevich', 'DF', 38, 'CSKA Moscow'),
(2405, 24, 5, 'Andrei Semyonov', 'DF', 29, 'Akhmat Grozny'),
(2406, 24, 6, 'Denis Cheryshev', 'MF', 27, 'Villarreal'),
(2407, 24, 7, 'Daler Kuzyayev', 'MF', 25, 'Zenit Saint Petersburg'),
(2408, 24, 8, 'Yury Gazinsky', 'MF', 28, 'Krasnodar'),
(2409, 24, 9, 'Alan Dzagoev', 'MF', 27, 'CSKA Moscow'),
(2410, 24, 10, 'Fyodor Smolov', 'FW', 28, 'Krasnodar'),
(2411, 24, 11, 'Roman Zobnin', 'MF', 26, 'Spartak Moscow'),
(2412, 24, 12, 'Andrey Lunyov', 'GK', 26, 'Zenit Saint Petersburg'),
(2413, 24, 13, 'Fyodor Kudryashov', 'DF', 31, 'Rubin Kazan'),
(2414, 24, 14, 'Vladimir Granat', 'DF', 31, 'Rubin Kazan'),
(2415, 24, 15, 'Aleksei Miranchuk', 'MF', 22, 'Lokomotiv Moscow'),
(2416, 24, 16, 'Anton Miranchuk', 'MF', 22, 'Lokomotiv Moscow'),
(2417, 24, 17, 'Aleksandr Golovin', 'MF', 22, 'CSKA Moscow'),
(2418, 24, 18, 'Yuri Zhirkov', 'MF', 34, 'Zenit Saint Petersburg'),
(2419, 24, 19, 'Aleksandr Samedov', 'MF', 33, 'Spartak Moscow'),
(2420, 24, 20, 'Vladimir Gabulov', 'GK', 34, 'Club Brugge'),
(2421, 24, 21, 'Aleksandr Yerokhin', 'MF', 28, 'Zenit Saint Petersburg'),
(2422, 24, 22, 'Artem Dzyuba', 'FW', 29, 'Arsenal Tula'),
(2423, 24, 23, 'Igor Smolnikov', 'DF', 29, 'Zenit Saint Petersburg'),
(2501, 25, 1, 'Abdullah Al-Mayouf', 'GK', 31, 'Al Hilal'),
(2502, 25, 2, 'Mansoor Al-Harbi', 'DF', 30, 'Al Ahli'),
(2503, 25, 3, 'Osama Hawsawi', 'DF', 34, 'Al Hilal'),
(2504, 25, 4, 'Ali Al-Bulaihi', 'DF', 28, 'Al Hilal'),
(2505, 25, 5, 'Omar Hawsawi', 'DF', 32, 'Al Nassr'),
(2506, 25, 6, 'Mohammed Al-Breik', 'DF', 25, 'Al Hilal'),
(2507, 25, 7, 'Salman Al-Faraj', 'MF', 28, 'Al Hilal'),
(2508, 25, 8, 'Yahya Al-Shehri', 'MF', 27, 'Leganés'),
(2509, 25, 9, 'Hattan Bahebri', 'MF', 25, 'Al Shabab'),
(2510, 25, 10, 'Mohammad Al-Sahlawi', 'FW', 31, 'Al Nassr'),
(2511, 25, 11, 'Abdulmalek Al-Khaibri', 'MF', 32, 'Al Hilal'),
(2512, 25, 12, 'Mohamed Kanno', 'MF', 23, 'Al Hilal'),
(2513, 25, 13, 'Yasser Al-Shahrani', 'DF', 26, 'Al Hilal'),
(2514, 25, 14, 'Abdullah Otayf', 'MF', 25, 'Al Hilal'),
(2515, 25, 15, 'Abdullah Al-Khaibari', 'MF', 21, 'Al Shabab'),
(2516, 25, 16, 'Housain Al-Mogahwi', 'MF', 30, 'Al Ahli'),
(2517, 25, 17, 'Taisir Al-Jassim', 'MF', 33, 'Al Ahli'),
(2518, 25, 18, 'Salem Al-Dawsari', 'MF', 26, 'Villarreal'),
(2519, 25, 19, 'Fahad Al-Muwallad', 'FW', 23, 'Levante'),
(2520, 25, 20, 'Muhannad Assiri', 'FW', 31, 'Al Ahli'),
(2521, 25, 21, 'Yasser Al-Mosailem', 'GK', 34, 'Al Ahli'),
(2522, 25, 22, 'Mohammed Al-Owais', 'GK', 26, 'Al Ahli'),
(2523, 25, 23, 'Motaz Hawsawi', 'DF', 26, 'Al Ahli'),
(2601, 26, 1, 'Abdoulaye Diallo', 'GK', 26, 'Rennes'),
(2602, 26, 2, 'Adama Mbengue', 'DF', 24, 'Caen'),
(2603, 26, 3, 'Kalidou Koulibaly', 'DF', 26, 'Napoli'),
(2604, 26, 4, 'Kara Mbodji', 'DF', 28, 'Anderlecht'),
(2605, 26, 5, 'Idrissa Gueye', 'MF', 28, 'Everton'),
(2606, 26, 6, 'Salif Sané', 'MF', 27, 'Hannover 96'),
(2607, 26, 7, 'Moussa Sow', 'FW', 32, 'Bursaspor'),
(2608, 26, 8, 'Cheikhou Kouyaté', 'MF', 28, 'West Ham United'),
(2609, 26, 9, 'Mame Biram Diouf', 'FW', 30, 'Stoke City'),
(2610, 26, 10, 'Sadio Mané', 'FW', 26, 'Liverpool'),
(2611, 26, 11, 'Cheikh NDoye', 'MF', 32, 'Birmingham City'),
(2612, 26, 12, 'Youssouf Sabaly', 'DF', 25, 'Bordeaux'),
(2613, 26, 13, 'Alfred NDiaye', 'MF', 28, 'Wolverhampton Wanderers'),
(2614, 26, 14, 'Moussa Konaté', 'FW', 25, 'Amiens'),
(2615, 26, 15, 'Diafra Sakho', 'FW', 28, 'Rennes'),
(2616, 26, 16, 'Khadim NDiaye', 'GK', 33, 'Horoya'),
(2617, 26, 17, 'Badou Ndiaye', 'MF', 27, 'Stoke City'),
(2618, 26, 18, 'Ismaïla Sarr', 'FW', 20, 'Rennes'),
(2619, 26, 19, 'MBaye Niang', 'FW', 23, 'Torino'),
(2620, 26, 20, 'Keita Baldé', 'FW', 23, 'AS Monaco'),
(2621, 26, 21, 'Lamine Gassama', 'DF', 28, 'Alanyaspor'),
(2622, 26, 22, 'Moussa Wagué', 'DF', 19, 'Eupen'),
(2623, 26, 23, 'Alfred Gomis', 'GK', 24, 'SPAL'),
(2701, 27, 1, 'Vladimir Stojković', 'GK', 34, 'Partizan'),
(2702, 27, 2, 'Antonio Rukavina', 'DF', 34, 'Villarreal'),
(2703, 27, 3, 'Duško Tošić', 'DF', 33, 'Besiktas'),
(2704, 27, 4, 'Luka Milivojević', 'MF', 27, 'Crystal Palace'),
(2705, 27, 5, 'Uroš Spajić', 'DF', 25, 'Anderlecht'),
(2706, 27, 6, 'Branislav Ivanović', 'DF', 34, 'Zenit Saint Petersburg'),
(2707, 27, 7, 'Andrija Živković', 'MF', 21, 'Benfica'),
(2708, 27, 8, 'Aleksandar Prijović', 'FW', 28, 'PAOK'),
(2709, 27, 9, 'Aleksandar Mitrović', 'FW', 23, 'Fulham'),
(2710, 27, 10, 'Dušan Tadić', 'MF', 29, 'Southampton'),
(2711, 27, 11, 'Aleksandar Kolarov', 'DF', 32, 'AS Roma'),
(2712, 27, 12, 'Predrag Rajković', 'GK', 22, 'Maccabi Tel Aviv'),
(2713, 27, 13, 'Miloš Veljković', 'DF', 22, 'Werder Bremen'),
(2714, 27, 14, 'Milan Rodić', 'DF', 27, 'Red Star Belgrade'),
(2715, 27, 15, 'Nikola Milenković', 'DF', 20, 'Fiorentina'),
(2716, 27, 16, 'Marko Grujić', 'MF', 22, 'Cardiff City'),
(2717, 27, 17, 'Filip Kostić', 'MF', 25, 'Hamburger SV'),
(2718, 27, 18, 'Nemanja Radonjić', 'FW', 22, 'Red Star Belgrade'),
(2719, 27, 19, 'Luka Jović', 'FW', 20, 'Eintracht Frankfurt'),
(2720, 27, 20, 'Sergej Milinković-Savić', 'MF', 23, 'Lazio'),
(2721, 27, 21, 'Nemanja Matić', 'MF', 29, 'Manchester United'),
(2722, 27, 22, 'Adem Ljajić', 'MF', 26, 'Torino'),
(2723, 27, 23, 'Marko Dmitrović', 'GK', 26, 'Eibar'),
(2801, 28, 1, 'David de Gea', 'GK', 27, 'Manchester United'),
(2802, 28, 2, 'Dani Carvajal', 'DF', 26, 'Real Madrid'),
(2803, 28, 3, 'Gerard Piqué', 'DF', 31, 'Barcelona'),
(2804, 28, 4, 'Nacho', 'DF', 28, 'Real Madrid'),
(2805, 28, 5, 'Sergio Busquets', 'MF', 29, 'Barcelona'),
(2806, 28, 6, 'Andrés Iniesta', 'MF', 34, 'Barcelona'),
(2807, 28, 7, 'Saúl', 'MF', 23, 'Atletico Madrid'),
(2808, 28, 8, 'Koke', 'MF', 26, 'Atletico Madrid'),
(2809, 28, 9, 'Rodrigo', 'FW', 27, 'Valencia'),
(2810, 28, 10, 'Thiago', 'MF', 27, 'Bayern Munich'),
(2811, 28, 11, 'Lucas Vázquez', 'FW', 26, 'Real Madrid'),
(2812, 28, 12, 'Álvaro Odriozola', 'DF', 22, 'Real Sociedad'),
(2813, 28, 13, 'Kepa Arrizabalaga', 'GK', 23, 'Athletic Bilbao'),
(2814, 28, 14, 'César Azpilicueta', 'DF', 28, 'Chelsea'),
(2815, 28, 15, 'Sergio Ramos', 'DF', 32, 'Real Madrid'),
(2816, 28, 16, 'Nacho Monreal', 'DF', 32, 'Arsenal'),
(2817, 28, 17, 'Iago Aspas', 'FW', 30, 'Celta Vigo'),
(2818, 28, 18, 'Jordi Alba', 'DF', 29, 'Barcelona'),
(2819, 28, 19, 'Diego Costa', 'FW', 29, 'Atletico Madrid'),
(2820, 28, 20, 'Marco Asensio', 'MF', 22, 'Real Madrid'),
(2821, 28, 21, 'David Silva', 'FW', 32, 'Manchester City'),
(2822, 28, 22, 'Isco', 'MF', 26, 'Real Madrid'),
(2823, 28, 23, 'Pepe Reina', 'GK', 35, 'Napoli'),
(2901, 29, 1, 'Robin Olsen', 'GK', 28, 'Copenhagen'),
(2902, 29, 2, 'Mikael Lustig', 'DF', 31, 'Celtic'),
(2903, 29, 3, 'Victor Lindelöf', 'DF', 23, 'Manchester United'),
(2904, 29, 4, 'Andreas Granqvist', 'DF', 33, 'Krasnodar'),
(2905, 29, 5, 'Martin Olsson', 'DF', 30, 'Swansea City'),
(2906, 29, 6, 'Ludwig Augustinsson', 'DF', 24, 'Werder Bremen'),
(2907, 29, 7, 'Sebastian Larsson', 'MF', 33, 'Hull City'),
(2908, 29, 8, 'Albin Ekdal', 'MF', 28, 'Hamburger SV'),
(2909, 29, 9, 'Marcus Berg', 'FW', 31, 'Al Ain'),
(2910, 29, 10, 'Emil Forsberg', 'MF', 26, 'RB Leipzig'),
(2911, 29, 11, 'John Guidetti', 'FW', 26, 'Alaves'),
(2912, 29, 12, 'Karl-Johan Johnsson', 'GK', 28, 'Guingamp'),
(2913, 29, 13, 'Gustav Svensson', 'MF', 31, 'Seattle Sounders FC'),
(2914, 29, 14, 'Filip Helander', 'DF', 25, 'Bologna'),
(2915, 29, 15, 'Oscar Hiljemark', 'MF', 25, 'Genoa'),
(2916, 29, 16, 'Emil Krafth', 'DF', 23, 'Bologna'),
(2917, 29, 17, 'Viktor Claesson', 'MF', 26, 'Krasnodar'),
(2918, 29, 18, 'Pontus Jansson', 'DF', 27, 'Leeds United'),
(2919, 29, 19, 'Marcus Rohdén', 'MF', 27, 'Crotone'),
(2920, 29, 20, 'Ola Toivonen', 'FW', 31, 'Toulouse'),
(2921, 29, 21, 'Jimmy Durmaz', 'MF', 29, 'Toulouse'),
(2922, 29, 22, 'Isaac Kiese Thelin', 'FW', 25, 'Waasland-Beveren'),
(2923, 29, 23, 'Kristoffer Nordfeldt', 'GK', 28, 'Swansea City'),
(3001, 30, 1, 'Yann Sommer', 'GK', 29, 'Borussia Monchengladbach'),
(3002, 30, 2, 'Stephan Lichtsteiner', 'DF', 34, 'Juventus'),
(3003, 30, 3, 'François Moubandje', 'DF', 27, 'Toulouse'),
(3004, 30, 4, 'Nico Elvedi', 'DF', 21, 'Borussia Monchengladbach'),
(3005, 30, 5, 'Manuel Akanji', 'DF', 22, 'Borussia Dortmund'),
(3006, 30, 6, 'Michael Lang', 'DF', 27, 'Basel'),
(3007, 30, 7, 'Breel Embolo', 'FW', 21, 'Schalke 04'),
(3008, 30, 8, 'Remo Freuler', 'MF', 26, 'Atalanta'),
(3009, 30, 9, 'Haris Seferovic', 'FW', 26, 'Benfica'),
(3010, 30, 10, 'Granit Xhaka', 'MF', 25, 'Arsenal'),
(3011, 30, 11, 'Valon Behrami', 'MF', 33, 'Udinese'),
(3012, 30, 12, 'Yvon Mvogo', 'GK', 24, 'RB Leipzig'),
(3013, 30, 13, 'Ricardo Rodríguez', 'DF', 25, 'AC Milan'),
(3014, 30, 14, 'Steven Zuber', 'MF', 26, '1899 Hoffenheim'),
(3015, 30, 15, 'Blerim Džemaili', 'MF', 32, 'Bologna'),
(3016, 30, 16, 'Gelson Fernandes', 'MF', 31, 'Eintracht Frankfurt'),
(3017, 30, 17, 'Denis Zakaria', 'MF', 21, 'Borussia Monchengladbach'),
(3018, 30, 18, 'Mario Gavranović', 'FW', 28, 'Dinamo Zagreb'),
(3019, 30, 19, 'Josip Drmić', 'FW', 25, 'Borussia Monchengladbach'),
(3020, 30, 20, 'Johan Djourou', 'DF', 31, 'Antalyaspor'),
(3021, 30, 21, 'Roman Bürki', 'GK', 27, 'Borussia Dortmund'),
(3022, 30, 22, 'Fabian Schär', 'DF', 26, 'Deportivo La Coruna'),
(3023, 30, 23, 'Xherdan Shaqiri', 'MF', 26, 'Stoke City'),
(3101, 31, 1, 'Farouk Ben Mustapha', 'GK', 28, 'Al Shabab'),
(3102, 31, 2, 'Syam Ben Youssef', 'DF', 29, 'Kasimpasa'),
(3103, 31, 3, 'Yohan Benalouane', 'DF', 31, 'Leicester City'),
(3104, 31, 4, 'Yassine Meriah', 'DF', 24, 'CS Sfaxien'),
(3105, 31, 5, 'Oussama Haddadi', 'DF', 26, 'Dijon'),
(3106, 31, 6, 'Rami Bedoui', 'DF', 28, 'Étoile du Sahel'),
(3107, 31, 7, 'Saîf-Eddine Khaoui', 'FW', 23, 'Troyes'),
(3108, 31, 8, 'Fakhreddine Ben Youssef', 'FW', 26, 'Al-Ettifaq'),
(3109, 31, 9, 'Anice Badri', 'MF', 27, 'Espérance de Tunis'),
(3110, 31, 10, 'Wahbi Khazri', 'FW', 27, 'Rennes'),
(3111, 31, 11, 'Dylan Bronn', 'DF', 22, 'Gent'),
(3112, 31, 12, 'Ali Maâloul', 'DF', 28, 'Al Ahly'),
(3113, 31, 13, 'Ferjani Sassi', 'MF', 26, 'Al Nassr'),
(3114, 31, 14, 'Mohamed Amine Ben Amor', 'MF', 26, 'Al Ahli'),
(3115, 31, 15, 'Ahmed Khalil', 'FW', 23, 'Club Africain'),
(3116, 31, 16, 'Aymen Mathlouthi', 'GK', 33, 'Al Batin'),
(3117, 31, 17, 'Ellyes Skhiri', 'MF', 23, 'Montpellier'),
(3118, 31, 18, 'Bassem Srarfi', 'FW', 20, 'Nice'),
(3119, 31, 19, 'Saber Khalifa', 'FW', 31, 'Club Africain'),
(3120, 31, 20, 'Ghailene Chaalali', 'FW', 24, 'Espérance de Tunis'),
(3121, 31, 21, 'Hamdi Nagguez', 'DF', 25, 'Zamalek'),
(3122, 31, 22, 'Mouez Hassen', 'GK', 23, 'Châteauroux'),
(3123, 31, 23, 'Naïm Sliti', 'FW', 25, 'Dijon'),
(3201, 32, 1, 'Fernando Muslera', 'GK', 31, 'Galatasaray'),
(3202, 32, 2, 'José Giménez', 'DF', 23, 'Atletico Madrid'),
(3203, 32, 3, 'Diego Godín', 'DF', 32, 'Atletico Madrid'),
(3204, 32, 4, 'Guillermo Varela', 'DF', 25, 'Peñarol'),
(3205, 32, 5, 'Carlos Sánchez', 'MF', 33, 'Monterrey'),
(3206, 32, 6, 'Rodrigo Bentancur', 'MF', 20, 'Juventus'),
(3207, 32, 7, 'Cristian Rodríguez', 'MF', 32, 'Peñarol'),
(3208, 32, 8, 'Nahitan Nández', 'MF', 22, 'Boca Juniors'),
(3209, 32, 9, 'Luis Suárez', 'FW', 31, 'Barcelona'),
(3210, 32, 10, 'Giorgian De Arrascaeta', 'FW', 24, 'Cruzeiro'),
(3211, 32, 11, 'Cristhian Stuani', 'FW', 31, 'Girona'),
(3212, 32, 12, 'Martín Campaña', 'GK', 29, 'Independiente'),
(3213, 32, 13, 'Gastón Silva', 'DF', 24, 'Independiente'),
(3214, 32, 14, 'Lucas Torreira', 'MF', 22, 'Sampdoria'),
(3215, 32, 15, 'Matías Vecino', 'MF', 26, 'Inter Milan'),
(3216, 32, 16, 'Maxi Pereira', 'DF', 34, 'Porto'),
(3217, 32, 17, 'Diego Laxalt', 'MF', 25, 'Genoa'),
(3218, 32, 18, 'Maxi Gómez', 'FW', 21, 'Celta Vigo'),
(3219, 32, 19, 'Sebastián Coates', 'DF', 27, 'Sporting Lisbon'),
(3220, 32, 20, 'Jonathan Urretaviscaya', 'FW', 28, 'Monterrey'),
(3221, 32, 21, 'Edinson Cavani', 'FW', 31, 'Paris Saint-Germain'),
(3222, 32, 22, 'Martín Cáceres', 'DF', 31, 'Lazio'),
(3223, 32, 23, 'Martín Silva', 'GK', 35, 'Vasco da Gama');

-- --------------------------------------------------------

--
-- Cấu trúc bảng cho bảng `referee_mast`
--

CREATE TABLE `referee_mast` (
  `referee_id` int(11) NOT NULL,
  `referee_name` varchar(45) NOT NULL
) ENGINE=InnoDB DEFAULT CHARSET=utf8mb4;

--
-- Đang đổ dữ liệu cho bảng `referee_mast`
--

INSERT INTO `referee_mast` (`referee_id`, `referee_name`) VALUES
(1, 'Alireza Faghani'),
(2, 'Ravshan Irmatov'),
(3, 'Mohammed Abdulla Hassan Mohamed'),
(4, 'Nawaf Shukralla'),
(5, 'Malang Diedhiou'),
(6, 'Bakary Gassama'),
(7, 'Gehad Grisha'),
(8, 'Janny Sikazwe'),
(9, 'Joel Aguilar Chicas'),
(10, 'Mark Geiger'),
(11, 'Jair Marrufo'),
(12, 'César Ramos Palazuelos'),
(13, 'Enrique Cáceres Villafañe'),
(14, 'Andrés Cunha Soca'),
(15, 'Néstor Pitana'),
(16, 'Sandro Meira Ricci'),
(17, 'Wilmar Roldán Pérez'),
(18, 'Matthew Conger'),
(19, 'Felix Brych'),
(20, 'Cüneyt Çakır'),
(21, 'Sergei Karasev'),
(22, 'Björn Kuipers'),
(23, 'Szymon Marciniak'),
(24, 'Antonio Mateu Lahoz'),
(25, 'Milorad Mažić'),
(26, 'Gianluca Rocchi'),
(27, 'Damir Skomina'),
(28, 'Clément Turpin');

-- --------------------------------------------------------

--
-- Cấu trúc bảng cho bảng `soccer_city`
--

CREATE TABLE `soccer_city` (
  `city_id` int(11) NOT NULL,
  `city` varchar(45) NOT NULL
) ENGINE=InnoDB DEFAULT CHARSET=utf8mb4;

--
-- Đang đổ dữ liệu cho bảng `soccer_city`
--

INSERT INTO `soccer_city` (`city_id`, `city`) VALUES
(1, 'Moscow'),
(2, 'Saint Petersburg'),
(3, 'Sochi'),
(4, 'Samara'),
(5, 'Kaliningrad'),
(6, 'Kazan'),
(7, 'Rostov'),
(8, 'Volgograd'),
(9, 'Ekaterinburg'),
(10, 'Saransk'),
(11, 'Nizhny Novgorod');

-- --------------------------------------------------------

--
-- Cấu trúc bảng cho bảng `soccer_country`
--

CREATE TABLE `soccer_country` (
  `country_id` int(11) NOT NULL,
  `country_abbr` varchar(45) NOT NULL,
  `country_name` varchar(45) NOT NULL
) ENGINE=InnoDB DEFAULT CHARSET=utf8mb4;

--
-- Đang đổ dữ liệu cho bảng `soccer_country`
--

INSERT INTO `soccer_country` (`country_id`, `country_abbr`, `country_name`) VALUES
(1, 'ARG', 'Argentina'),
(2, 'AUS', 'Australia'),
(3, 'BEL', 'Belgium'),
(4, 'BRA', 'Brazil'),
(5, 'COL', 'Colombia'),
(6, 'CRC', 'Costa Rica'),
(7, 'CRO', 'Croatia'),
(8, 'DEN', 'Denmark'),
(9, 'EGY', 'Egypt'),
(10, 'ENG', 'England'),
(11, 'FRA', 'France'),
(12, 'GER', 'Germany'),
(13, 'ISL', 'Iceland'),
(14, 'IRN', 'Iran'),
(15, 'JPN', 'Japan'),
(16, 'KOR', 'South Korea'),
(17, 'MEX', 'Mexico'),
(18, 'MAR', 'Morocco'),
(19, 'NGA', 'Nigeria'),
(20, 'PAN', 'Panama'),
(21, 'PER', 'Peru'),
(22, 'POL', 'Poland'),
(23, 'POR', 'Portugal'),
(24, 'RUS', 'Russia'),
(25, 'KSA', 'Saudi Arabia'),
(26, 'SEN', 'Senegal'),
(27, 'SRB', 'Serbia'),
(28, 'ESP', 'Spain'),
(29, 'SWE', 'Sweden'),
(30, 'SUI', 'Switzerland'),
(31, 'TUN', 'Tunisia'),
(32, 'URU', 'Uruguay');

-- --------------------------------------------------------

--
-- Cấu trúc bảng cho bảng `soccer_team`
--

CREATE TABLE `soccer_team` (
  `team_id` int(11) NOT NULL,
  `team_group` varchar(2) NOT NULL,
  `won` int(11) NOT NULL,
  `draw` int(11) NOT NULL,
  `lost` int(11) NOT NULL,
  `goal_for` int(11) NOT NULL,
  `goal_agnst` int(11) NOT NULL,
  `goal_diff` int(11) NOT NULL,
  `point` int(11) NOT NULL,
  `group_position` int(11) NOT NULL
) ENGINE=InnoDB DEFAULT CHARSET=utf8mb4;

--
-- Đang đổ dữ liệu cho bảng `soccer_team`
--

INSERT INTO `soccer_team` (`team_id`, `team_group`, `won`, `draw`, `lost`, `goal_for`, `goal_agnst`, `goal_diff`, `point`, `group_position`) VALUES
(1, 'D', 1, 1, 1, 3, 5, -2, 4, 2),
(2, 'C', 0, 1, 2, 2, 5, -3, 1, 4),
(3, 'G', 3, 0, 0, 9, 2, 7, 9, 1),
(4, 'E', 2, 1, 0, 5, 1, 4, 7, 1),
(5, 'H', 2, 0, 1, 5, 2, 3, 6, 1),
(6, 'E', 0, 1, 2, 2, 5, -3, 1, 4),
(7, 'D', 3, 0, 0, 7, 1, 6, 9, 1),
(8, 'C', 1, 2, 0, 2, 2, 0, 5, 2),
(9, 'A', 0, 0, 3, 2, 6, -4, 0, 4),
(10, 'G', 2, 0, 1, 8, 3, 5, 6, 2),
(11, 'C', 2, 1, 0, 3, 1, 2, 7, 1),
(12, 'F', 1, 0, 2, 2, 4, -2, 3, 4),
(13, 'D', 0, 1, 2, 2, 5, -3, 1, 4),
(14, 'B', 1, 1, 1, 2, 2, 0, 4, 3),
(15, 'H', 1, 1, 1, 4, 4, 0, 4, 2),
(16, 'F', 1, 0, 2, 3, 3, 0, 3, 3),
(17, 'F', 2, 0, 1, 3, 4, -1, 6, 2),
(18, 'B', 0, 1, 2, 2, 4, -2, 1, 4),
(19, 'D', 1, 0, 2, 3, 4, -1, 3, 3),
(20, 'G', 0, 0, 3, 2, 11, -9, 0, 4),
(21, 'C', 1, 0, 2, 2, 2, 0, 3, 3),
(22, 'H', 1, 0, 2, 2, 5, -3, 3, 4),
(23, 'B', 1, 2, 0, 5, 4, 1, 5, 2),
(24, 'A', 2, 0, 1, 8, 4, 4, 6, 2),
(25, 'A', 1, 0, 2, 2, 7, -5, 3, 3),
(26, 'H', 1, 1, 1, 4, 4, 0, 4, 3),
(27, 'E', 1, 0, 2, 2, 4, -2, 3, 3),
(28, 'B', 1, 2, 0, 6, 5, 1, 5, 1),
(29, 'F', 2, 0, 1, 5, 2, 3, 6, 1),
(30, 'E', 1, 2, 0, 5, 4, 1, 5, 2),
(31, 'G', 1, 0, 2, 5, 8, -3, 3, 3),
(32, 'A', 3, 0, 0, 5, 0, 5, 9, 1);

-- --------------------------------------------------------

--
-- Cấu trúc bảng cho bảng `soccer_venue`
--

CREATE TABLE `soccer_venue` (
  `venue_id` int(11) NOT NULL,
  `venue_name` varchar(45) NOT NULL,
  `city_id` int(11) NOT NULL,
  `aud_capicity` int(11) NOT NULL
) ENGINE=InnoDB DEFAULT CHARSET=utf8mb4;

--
-- Đang đổ dữ liệu cho bảng `soccer_venue`
--

INSERT INTO `soccer_venue` (`venue_id`, `venue_name`, `city_id`, `aud_capicity`) VALUES
(1, 'Luzhnik Stadium', 1, 81000),
(2, 'Saint Petersburg Stadium', 2, 67000),
(3, 'Fisht Stadium', 3, 48000),
(4, 'Ekaterinburg Arena', 9, 35000),
(5, 'Kazan Arena', 6, 45000),
(6, 'Nizhny Novgorod Stadium', 11, 45000),
(7, 'Rostov Arena', 7, 45000),
(8, 'Samara Arena', 4, 45568),
(9, 'Mordovian Arena', 10, 45000),
(10, 'Volgograd Arena', 8, 45000),
(11, 'Spartak Stadium', 1, 45000),
(12, 'Kaliningrad Stadium', 5, 35000);

--
-- Chỉ mục cho các bảng đã đổ
--

--
-- Chỉ mục cho bảng `card_details`
--
ALTER TABLE `card_details`
  ADD PRIMARY KEY (`card_id`),
  ADD KEY `match_no` (`match_no`),
  ADD KEY `player_id` (`player_id`);

--
-- Chỉ mục cho bảng `coach_mast`
--
ALTER TABLE `coach_mast`
  ADD PRIMARY KEY (`team_id`);

--
-- Chỉ mục cho bảng `goal_details`
--
ALTER TABLE `goal_details`
  ADD PRIMARY KEY (`goal_id`),
  ADD KEY `match_no` (`match_no`),
  ADD KEY `player_id` (`player_id`),
  ADD KEY `team_id` (`team_id`);

--
-- Chỉ mục cho bảng `match_mast`
--
ALTER TABLE `match_mast`
  ADD PRIMARY KEY (`match_no`),
  ADD KEY `team1` (`team1`),
  ADD KEY `team2` (`team2`),
  ADD KEY `venue_id` (`venue_id`),
  ADD KEY `plr_of_match` (`plr_of_match`),
  ADD KEY `referee_id` (`referee_id`);

--
-- Chỉ mục cho bảng `player_mast`
--
ALTER TABLE `player_mast`
  ADD PRIMARY KEY (`player_id`),
  ADD KEY `team_id` (`team_id`),
  ADD KEY `player_pos` (`player_pos`);

--
-- Chỉ mục cho bảng `referee_mast`
--
ALTER TABLE `referee_mast`
  ADD PRIMARY KEY (`referee_id`);

--
-- Chỉ mục cho bảng `soccer_city`
--
ALTER TABLE `soccer_city`
  ADD PRIMARY KEY (`city_id`);

--
-- Chỉ mục cho bảng `soccer_country`
--
ALTER TABLE `soccer_country`
  ADD PRIMARY KEY (`country_id`);

--
-- Chỉ mục cho bảng `soccer_team`
--
ALTER TABLE `soccer_team`
  ADD PRIMARY KEY (`team_id`,`team_group`),
  ADD KEY `team_id` (`team_id`);

--
-- Chỉ mục cho bảng `soccer_venue`
--
ALTER TABLE `soccer_venue`
  ADD PRIMARY KEY (`venue_id`),
  ADD KEY `city_id` (`city_id`);
ALTER TABLE `soccer_venue` ADD FULLTEXT KEY `venue_name` (`venue_name`);
ALTER TABLE `soccer_venue` ADD FULLTEXT KEY `venue_name_2` (`venue_name`);

--
-- AUTO_INCREMENT cho các bảng đã đổ
--

--
-- AUTO_INCREMENT cho bảng `soccer_city`
--
ALTER TABLE `soccer_city`
  MODIFY `city_id` int(11) NOT NULL AUTO_INCREMENT, AUTO_INCREMENT=12;

--
-- AUTO_INCREMENT cho bảng `soccer_venue`
--
ALTER TABLE `soccer_venue`
  MODIFY `venue_id` int(11) NOT NULL AUTO_INCREMENT, AUTO_INCREMENT=13;

--
-- Các ràng buộc cho các bảng đã đổ
--

--
-- Các ràng buộc cho bảng `card_details`
--
ALTER TABLE `card_details`
  ADD CONSTRAINT `card_details_ibfk_1` FOREIGN KEY (`match_no`) REFERENCES `match_mast` (`match_no`),
  ADD CONSTRAINT `card_details_ibfk_2` FOREIGN KEY (`player_id`) REFERENCES `player_mast` (`player_id`);

--
-- Các ràng buộc cho bảng `coach_mast`
--
ALTER TABLE `coach_mast`
  ADD CONSTRAINT `coach_mast_ibfk_1` FOREIGN KEY (`team_id`) REFERENCES `soccer_country` (`country_id`);

--
-- Các ràng buộc cho bảng `goal_details`
--
ALTER TABLE `goal_details`
  ADD CONSTRAINT `goal_details_ibfk_1` FOREIGN KEY (`match_no`) REFERENCES `match_mast` (`match_no`),
  ADD CONSTRAINT `goal_details_ibfk_2` FOREIGN KEY (`player_id`) REFERENCES `player_mast` (`player_id`),
  ADD CONSTRAINT `goal_details_ibfk_3` FOREIGN KEY (`team_id`) REFERENCES `soccer_country` (`country_id`);

--
-- Các ràng buộc cho bảng `match_mast`
--
ALTER TABLE `match_mast`
  ADD CONSTRAINT `match_mast_ibfk_1` FOREIGN KEY (`team1`) REFERENCES `soccer_country` (`country_id`),
  ADD CONSTRAINT `match_mast_ibfk_2` FOREIGN KEY (`team2`) REFERENCES `soccer_country` (`country_id`),
  ADD CONSTRAINT `match_mast_ibfk_3` FOREIGN KEY (`venue_id`) REFERENCES `soccer_venue` (`venue_id`),
  ADD CONSTRAINT `match_mast_ibfk_4` FOREIGN KEY (`plr_of_match`) REFERENCES `player_mast` (`player_id`),
  ADD CONSTRAINT `match_mast_ibfk_5` FOREIGN KEY (`referee_id`) REFERENCES `referee_mast` (`referee_id`);

--
-- Các ràng buộc cho bảng `player_mast`
--
ALTER TABLE `player_mast`
  ADD CONSTRAINT `player_mast_ibfk_1` FOREIGN KEY (`team_id`) REFERENCES `soccer_team` (`team_id`);

--
-- Các ràng buộc cho bảng `soccer_team`
--
ALTER TABLE `soccer_team`
  ADD CONSTRAINT `soccer_team_ibfk_1` FOREIGN KEY (`team_id`) REFERENCES `soccer_country` (`country_id`);

--
-- Các ràng buộc cho bảng `soccer_venue`
--
ALTER TABLE `soccer_venue`
  ADD CONSTRAINT `soccer_venue_ibfk_1` FOREIGN KEY (`city_id`) REFERENCES `soccer_city` (`city_id`);
COMMIT;

/*!40101 SET CHARACTER_SET_CLIENT=@OLD_CHARACTER_SET_CLIENT */;
/*!40101 SET CHARACTER_SET_RESULTS=@OLD_CHARACTER_SET_RESULTS */;
/*!40101 SET COLLATION_CONNECTION=@OLD_COLLATION_CONNECTION */;
